ID,RECEIVED_TIMESTAMP,ACTIVITY,CLIENT_BATCH_ID,BATTERY_LEVEL,SESSION_ID,DATA_TAG,EPOCH_TIME
1,809222884,2,254321,90,1770335749,0,1770335749
2,809223883,2,254322,90,1770335749,0,1770335750
3,809224082,2,254323,90,1770335749,0,1770335750
4,809224480,2,254324,90,1770335749,0,1770335750
5,809224883,2,254325,90,1770335749,0,1770335751
6,809225277,2,254326,90,1770335749,0,1770335751
7,809225679,2,254327,90,1770335749,1770335751,1770335751
8,809225879,2,254328,90,1770335749,0,1770335752
9,809226277,2,254329,90,1770335749,0,1770335752
10,809226676,2,254330,90,1770335749,0,1770335752
11,809227074,2,254331,90,1770335749,0,1770335753
12,809227472,2,254332,90,1770335749,0,1770335753
13,809227871,2,254333,90,1770335749,0,1770335754
14,809228468,2,254334,90,1770335749,0,1770335754
15,809228668,2,254335,90,1770335749,0,1770335754
16,809228867,2,254336,90,1770335749,0,1770335755
17,809228867,2,254337,90,1770335749,0,1770335755
18,809228867,2,254338,90,1770335749,0,1770335755
19,809228867,2,254339,90,1770335749,0,1770335755
20,809229066,2,254340,90,1770335749,0,1770335755
21,809229066,2,254341,90,1770335749,0,1770335755
22,809229066,2,254342,90,1770335749,0,1770335755
23,809229265,2,254343,90,1770335749,0,1770335755
24,809229265,2,254344,90,1770335749,0,1770335755
25,809229465,2,254345,90,1770335749,0,1770335755
26,809229465,2,254346,90,1770335749,0,1770335755
27,809229465,2,254347,90,1770335749,0,1770335755
28,809229664,2,254348,90,1770335749,0,1770335755
29,809229664,2,254349,90,1770335749,0,1770335755
30,809229664,2,254350,90,1770335749,0,1770335755
31,809229867,2,254351,90,1770335749,0,1770335756
32,809229867,2,254352,90,1770335749,0,1770335756
33,809230062,2,254353,90,1770335749,0,1770335756
34,809230062,2,254354,90,1770335749,0,1770335756
35,809230062,2,254355,90,1770335749,0,1770335756
36,809230265,2,254356,90,1770335749,0,1770335756
37,809230465,2,254357,90,1770335749,0,1770335756
38,809230664,2,254358,90,1770335749,0,1770335756
39,809230863,2,254359,90,1770335749,0,1770335757
40,809231062,2,254360,90,1770335749,0,1770335757
41,809231261,2,254361,90,1770335749,0,1770335757
42,809231461,2,254362,90,1770335749,0,1770335757
43,809231660,2,254363,90,1770335749,0,1770335757
44,809231859,2,254364,90,1770335749,0,1770335758
45,809232058,2,254365,90,1770335749,0,1770335758
46,809232258,2,254366,90,1770335749,0,1770335758
47,809232457,2,254367,90,1770335749,0,1770335758
48,809232655,2,254368,90,1770335749,0,1770335758
49,809232855,2,254369,90,1770335749,0,1770335759
50,809233054,2,254370,90,1770335749,0,1770335759
51,809233254,2,254371,90,1770335749,0,1770335759
52,809233453,2,254372,90,1770335749,0,1770335759
53,809233652,2,254373,90,1770335749,0,1770335759
54,809233851,2,254374,90,1770335749,0,1770335760
55,809234051,2,254375,90,1770335749,0,1770335760
56,809234250,2,254376,90,1770335749,0,1770335760
57,809234449,2,254377,90,1770335749,0,1770335760
58,809234648,2,254378,90,1770335749,0,1770335760
59,809234847,2,254379,90,1770335749,0,1770335761
60,809235047,2,254380,90,1770335749,0,1770335761
61,809235249,2,254381,90,1770335749,0,1770335761
62,809235449,2,254382,90,1770335749,0,1770335761
63,809235644,2,254383,90,1770335749,0,1770335761
64,809235847,2,254384,90,1770335749,0,1770335762
65,809236046,2,254385,90,1770335749,0,1770335762
66,809236246,2,254386,90,1770335749,0,1770335762
67,809236445,2,254387,90,1770335749,0,1770335762
68,809236644,2,254388,90,1770335749,0,1770335762
69,809236843,2,254389,90,1770335749,0,1770335763
70,809237043,2,254390,90,1770335749,0,1770335763
71,809237242,2,254391,90,1770335749,0,1770335763
72,809237441,2,254392,90,1770335749,0,1770335763
73,809237640,2,254393,90,1770335749,0,1770335763
74,809237840,2,254394,90,1770335749,0,1770335764
75,809238039,2,254395,90,1770335749,0,1770335764
76,809238238,2,254396,90,1770335749,0,1770335764
77,809238437,2,254397,90,1770335749,0,1770335764
78,809238636,2,254398,90,1770335749,0,1770335764
79,809238836,2,254399,90,1770335749,0,1770335765
80,809239035,2,254400,90,1770335749,0,1770335765
81,809239234,2,254401,90,1770335749,0,1770335765
82,809239433,2,254402,90,1770335749,0,1770335765
83,809239632,2,254403,90,1770335749,0,1770335765
84,809239831,2,254404,90,1770335749,0,1770335766
85,809240031,2,254405,90,1770335749,0,1770335766
86,809240230,2,254406,90,1770335749,0,1770335766
87,809240428,2,254407,90,1770335749,0,1770335766
88,809240629,2,254408,90,1770335749,0,1770335766
89,809240828,2,254409,90,1770335749,0,1770335767
90,809241027,2,254410,90,1770335749,0,1770335767
91,809241226,2,254411,90,1770335749,0,1770335767
92,809241426,2,254412,90,1770335749,0,1770335767
93,809241625,2,254413,90,1770335749,0,1770335767
94,809241824,2,254414,90,1770335749,0,1770335768
95,809242023,2,254415,90,1770335749,0,1770335768
96,809242222,2,254416,90,1770335749,0,1770335768
97,809242422,2,254417,90,1770335749,0,1770335768
98,809242621,2,254418,90,1770335749,0,1770335768
99,809242820,2,254419,90,1770335749,0,1770335769
100,809243019,2,254420,90,1770335749,0,1770335769
101,809243218,2,254421,90,1770335749,0,1770335769
102,809243418,2,254422,90,1770335749,0,1770335769
103,809243621,2,254423,90,1770335749,0,1770335769
104,809243816,2,254424,90,1770335749,0,1770335770
105,809244019,2,254425,90,1770335749,0,1770335770
106,809244218,2,254426,90,1770335749,0,1770335770
107,809244417,2,254427,90,1770335749,0,1770335770
108,809244617,2,254428,90,1770335749,0,1770335770
109,809244816,2,254429,90,1770335749,0,1770335771
110,809245015,2,254430,90,1770335749,0,1770335771
111,809245215,2,254431,90,1770335749,0,1770335771
112,809245414,2,254432,90,1770335749,0,1770335771
113,809245613,2,254433,90,1770335749,0,1770335771
114,809245812,2,254434,90,1770335749,0,1770335772
115,809246011,2,254435,90,1770335749,0,1770335772
116,809246211,2,254436,90,1770335749,0,1770335772
117,809246410,2,254437,90,1770335749,0,1770335772
118,809246609,2,254438,90,1770335749,0,1770335772
119,809246808,2,254439,90,1770335749,0,1770335773
120,809247008,2,254440,90,1770335749,0,1770335773
121,809247206,2,254441,90,1770335749,0,1770335773
122,809247406,2,254442,90,1770335749,0,1770335773
123,809247605,2,254443,90,1770335749,0,1770335773
124,809247803,2,254444,90,1770335749,0,1770335774
125,809248004,2,254445,90,1770335749,0,1770335774
126,809248203,2,254446,90,1770335749,0,1770335774
127,809248401,2,254447,90,1770335749,0,1770335774
128,809248601,2,254448,90,1770335749,0,1770335774
129,809248801,2,254449,90,1770335749,0,1770335775
130,809249000,2,254450,90,1770335749,0,1770335775
131,809249199,2,254451,90,1770335749,0,1770335775
132,809249398,2,254452,90,1770335749,0,1770335775
133,809249596,2,254453,90,1770335749,0,1770335775
134,809249796,2,254454,90,1770335749,0,1770335776
135,809249995,2,254455,90,1770335749,0,1770335776
136,809250195,2,254456,90,1770335749,0,1770335776
137,809250394,2,254457,90,1770335749,0,1770335776
138,809250593,2,254458,90,1770335749,0,1770335776
139,809250793,2,254459,90,1770335749,0,1770335777
140,809250992,2,254460,90,1770335749,0,1770335777
141,809251191,2,254461,90,1770335749,0,1770335777
142,809251390,2,254462,90,1770335749,0,1770335777
143,809251589,2,254463,90,1770335749,0,1770335777
144,809251789,2,254464,90,1770335749,0,1770335778
145,809251988,2,254465,90,1770335749,0,1770335778
146,809252187,2,254466,90,1770335749,0,1770335778
147,809252386,2,254467,90,1770335749,0,1770335778
148,809252586,2,254468,90,1770335749,0,1770335778
149,809252788,2,254469,90,1770335749,0,1770335779
150,809252984,2,254470,90,1770335749,0,1770335779
151,809253183,2,254471,90,1770335749,0,1770335779
152,809253383,2,254472,90,1770335749,0,1770335779
153,809253582,2,254473,90,1770335749,0,1770335779
154,809253781,2,254474,90,1770335749,0,1770335780
155,809253983,2,254475,90,1770335749,0,1770335780
156,809254179,2,254476,90,1770335749,0,1770335780
157,809254382,2,254477,90,1770335749,0,1770335780
158,809254582,2,254478,90,1770335749,0,1770335780
159,809254780,2,254479,90,1770335749,0,1770335781
160,809254980,2,254480,90,1770335749,0,1770335781
161,809255176,2,254481,90,1770335749,0,1770335781
162,809255379,2,254482,90,1770335749,0,1770335781
163,809255577,2,254483,90,1770335749,0,1770335781
164,809255777,2,254484,90,1770335749,0,1770335782
165,809255976,2,254485,90,1770335749,0,1770335782
166,809256176,2,254486,90,1770335749,0,1770335782
167,809256374,2,254487,90,1770335749,0,1770335782
168,809256574,2,254488,90,1770335749,0,1770335782
169,809256773,2,254489,90,1770335749,0,1770335783
170,809256971,2,254490,90,1770335749,0,1770335783
171,809257171,2,254491,90,1770335749,0,1770335783
172,809257371,2,254492,90,1770335749,0,1770335783
173,809257569,2,254493,90,1770335749,0,1770335783
174,809257768,2,254494,90,1770335749,0,1770335784
175,809257968,2,254495,90,1770335749,0,1770335784
176,809258168,2,254496,90,1770335749,0,1770335784
177,809258366,2,254497,90,1770335749,0,1770335784
178,809258566,2,254498,90,1770335749,0,1770335784
179,809258765,2,254499,90,1770335749,0,1770335785
180,809258965,2,254500,90,1770335749,0,1770335785
181,809259164,2,254501,90,1770335749,0,1770335785
182,809259363,2,254502,90,1770335749,0,1770335785
183,809259561,2,254503,90,1770335749,0,1770335785
184,809259761,2,254504,90,1770335749,0,1770335786
185,809259960,2,254505,90,1770335749,0,1770335786
186,809260160,2,254506,90,1770335749,0,1770335786
187,809260359,2,254507,90,1770335749,0,1770335786
188,809260558,2,254508,90,1770335749,0,1770335786
189,809260757,2,254509,90,1770335749,0,1770335787
190,809260957,2,254510,90,1770335749,0,1770335787
191,809261156,2,254511,90,1770335749,0,1770335787
192,809261355,2,254512,90,1770335749,0,1770335787
193,809261553,2,254513,90,1770335749,0,1770335787
194,809261753,2,254514,90,1770335749,0,1770335788
195,809261953,2,254515,90,1770335749,0,1770335788
196,809262152,2,254516,90,1770335749,0,1770335788
197,809262351,2,254517,90,1770335749,0,1770335788
198,809262551,2,254518,90,1770335749,0,1770335788
199,809262750,2,254519,90,1770335749,0,1770335789
200,809262949,2,254520,90,1770335749,0,1770335789
201,809263152,2,254521,90,1770335749,0,1770335789
202,809263351,2,254522,90,1770335749,0,1770335789
203,809263547,2,254523,90,1770335749,0,1770335789
204,809263750,2,254524,90,1770335749,0,1770335790
205,809263948,2,254525,90,1770335749,0,1770335790
206,809264148,2,254526,90,1770335749,0,1770335790
207,809264347,2,254527,90,1770335749,0,1770335790
208,809264546,2,254528,90,1770335749,0,1770335790
209,809264746,2,254529,90,1770335749,0,1770335791
210,809264945,2,254530,90,1770335749,0,1770335791
211,809265143,2,254531,90,1770335749,0,1770335791
212,809265343,2,254532,90,1770335749,0,1770335791
213,809265543,2,254533,90,1770335749,0,1770335791
214,809265742,2,254534,90,1770335749,0,1770335792
215,809265941,2,254535,90,1770335749,0,1770335792
216,809266140,2,254536,90,1770335749,0,1770335792
217,809266340,2,254537,90,1770335749,0,1770335792
218,809266539,2,254538,90,1770335749,0,1770335792
219,809266738,2,254539,90,1770335749,0,1770335793
220,809266937,2,254540,90,1770335749,0,1770335793
221,809267136,2,254541,90,1770335749,0,1770335793
222,809267336,2,254542,90,1770335749,0,1770335793
223,809267535,2,254543,90,1770335749,0,1770335793
224,809267734,2,254544,90,1770335749,0,1770335794
225,809267933,2,254545,90,1770335749,0,1770335794
226,809268133,2,254546,90,1770335749,0,1770335794
227,809268331,2,254547,90,1770335749,0,1770335794
228,809268531,2,254548,90,1770335749,0,1770335794
229,809268730,2,254549,90,1770335749,0,1770335795
230,809268928,2,254550,90,1770335749,0,1770335795
231,809269129,2,254551,90,1770335749,0,1770335795
232,809269328,2,254552,90,1770335749,0,1770335795
233,809269526,2,254553,90,1770335749,0,1770335795
234,809269726,2,254554,90,1770335749,0,1770335796
235,809269926,2,254555,90,1770335749,0,1770335796
236,809270124,2,254556,90,1770335749,0,1770335796
237,809270324,2,254557,90,1770335749,0,1770335796
238,809270522,2,254558,90,1770335749,0,1770335796
239,809270721,2,254559,90,1770335749,0,1770335797
240,809270922,2,254560,90,1770335749,0,1770335797
241,809271121,2,254561,90,1770335749,0,1770335797
242,809271320,2,254562,90,1770335749,0,1770335797
243,809271519,2,254563,90,1770335749,0,1770335797
244,809271718,2,254564,90,1770335749,0,1770335797
245,809271917,2,254565,90,1770335749,0,1770335798
246,809272120,2,254566,90,1770335749,0,1770335798
247,809272316,2,254567,90,1770335749,0,1770335798
248,809272515,2,254568,90,1770335749,0,1770335798
249,809272715,2,254569,90,1770335749,0,1770335798
250,809272914,2,254570,90,1770335749,0,1770335799
251,809273113,2,254571,90,1770335749,0,1770335799
252,809273312,2,254572,90,1770335749,0,1770335799
253,809273511,2,254573,90,1770335749,0,1770335799
254,809273711,2,254574,90,1770335749,0,1770335799
255,809273914,2,254575,90,1770335749,0,1770335800
256,809274113,2,254576,90,1770335749,0,1770335800
257,809274312,2,254577,90,1770335749,0,1770335800
258,809274511,2,254578,90,1770335749,0,1770335800
259,809274711,2,254579,90,1770335749,0,1770335800
260,809274910,2,254580,90,1770335749,0,1770335801
261,809275109,2,254581,90,1770335749,0,1770335801
262,809275308,2,254582,90,1770335749,0,1770335801
263,809275508,2,254583,90,1770335749,0,1770335801
264,809275707,2,254584,90,1770335749,0,1770335801
265,809275906,2,254585,90,1770335749,0,1770335802
266,809276105,2,254586,90,1770335749,0,1770335802
267,809276304,2,254587,90,1770335749,0,1770335802
268,809276504,2,254588,90,1770335749,0,1770335802
269,809276703,2,254589,90,1770335749,0,1770335802
270,809276901,2,254590,90,1770335749,0,1770335803
271,809277101,2,254591,90,1770335749,0,1770335803
272,809277301,2,254592,90,1770335749,0,1770335803
273,809277500,2,254593,90,1770335749,0,1770335803
274,809277699,2,254594,90,1770335749,0,1770335803
275,809277898,2,254595,90,1770335749,0,1770335804
276,809278097,2,254596,90,1770335749,0,1770335804
277,809278297,2,254597,90,1770335749,0,1770335804
278,809278496,2,254598,90,1770335749,0,1770335804
279,809278695,2,254599,90,1770335749,0,1770335804
280,809278894,2,254600,90,1770335749,0,1770335805
281,809279093,2,254601,90,1770335749,0,1770335805
282,809279293,2,254602,90,1770335749,0,1770335805
283,809279491,2,254603,90,1770335749,0,1770335805
284,809279691,2,254604,90,1770335749,0,1770335805
285,809279890,2,254605,90,1770335749,0,1770335806
286,809280089,2,254606,90,1770335749,0,1770335806
287,809280289,2,254607,90,1770335749,0,1770335806
288,809280488,2,254608,90,1770335749,0,1770335806
289,809280687,2,254609,90,1770335749,0,1770335806
290,809280886,2,254610,90,1770335749,0,1770335807
291,809281086,2,254611,90,1770335749,0,1770335807
292,809281285,2,254612,90,1770335749,0,1770335807
293,809281484,2,254613,90,1770335749,0,1770335807
294,809281682,2,254614,90,1770335749,0,1770335807
295,809281883,2,254615,90,1770335749,0,1770335808
296,809282082,2,254616,90,1770335749,0,1770335808
297,809282281,2,254617,90,1770335749,0,1770335808
298,809282480,2,254618,90,1770335749,0,1770335808
299,809282679,2,254619,90,1770335749,0,1770335808
300,809282879,2,254620,90,1770335749,0,1770335809
301,809283078,2,254621,90,1770335749,0,1770335809
302,809283277,2,254622,90,1770335749,0,1770335809
303,809283476,2,254623,90,1770335749,0,1770335809
304,809283675,2,254624,90,1770335749,0,1770335809
305,809283875,2,254625,90,1770335749,0,1770335810
306,809284074,2,254626,90,1770335749,0,1770335810
307,809284273,2,254627,90,1770335749,0,1770335810
308,809284472,2,254628,90,1770335749,0,1770335810
309,809284672,2,254629,90,1770335749,0,1770335810
310,809284871,2,254630,90,1770335749,0,1770335811
311,809285074,2,254631,90,1770335749,0,1770335811
312,809285269,2,254632,90,1770335749,0,1770335811
313,809285468,2,254633,90,1770335749,0,1770335811
314,809285672,2,254634,90,1770335749,0,1770335811
315,809285867,2,254635,90,1770335749,0,1770335812
316,809286070,2,254636,90,1770335749,0,1770335812
317,809286269,2,254637,90,1770335749,0,1770335812
318,809286468,2,254638,90,1770335749,0,1770335812
319,809286668,2,254639,90,1770335749,0,1770335812
320,809286867,2,254640,90,1770335749,0,1770335813
321,809287066,2,254641,90,1770335749,0,1770335813
322,809287265,2,254642,90,1770335749,0,1770335813
323,809287465,2,254643,90,1770335749,0,1770335813
324,809287664,2,254644,90,1770335749,0,1770335813
325,809287863,2,254645,90,1770335749,0,1770335814
326,809288062,2,254646,90,1770335749,0,1770335814
327,809288261,2,254647,90,1770335749,0,1770335814
328,809288461,2,254648,90,1770335749,0,1770335814
329,809288659,2,254649,90,1770335749,0,1770335814
330,809288859,2,254650,90,1770335749,0,1770335815
331,809289058,2,254651,90,1770335749,0,1770335815
332,809289258,2,254652,90,1770335749,0,1770335815
333,809289457,2,254653,90,1770335749,0,1770335815
334,809289655,2,254654,90,1770335749,0,1770335815
335,809289855,2,254655,90,1770335749,0,1770335816
336,809290054,2,254656,90,1770335749,0,1770335816
337,809290254,2,254657,90,1770335749,0,1770335816
338,809290453,2,254658,90,1770335749,0,1770335816
339,809290652,2,254659,90,1770335749,0,1770335816
340,809290851,2,254660,90,1770335749,0,1770335817
341,809291051,2,254661,90,1770335749,0,1770335817
342,809291250,2,254662,90,1770335749,0,1770335817
343,809291449,2,254663,90,1770335749,0,1770335817
344,809291648,2,254664,90,1770335749,0,1770335817
345,809291846,2,254665,90,1770335749,0,1770335818
346,809292047,2,254666,90,1770335749,0,1770335818
347,809292245,2,254667,90,1770335749,0,1770335818
348,809292445,2,254668,90,1770335749,0,1770335818
349,809292644,2,254669,90,1770335749,0,1770335818
350,809292842,2,254670,90,1770335749,0,1770335819
351,809293043,2,254671,90,1770335749,0,1770335819
352,809293242,2,254672,90,1770335749,0,1770335819
353,809293441,2,254673,90,1770335749,0,1770335819
354,809293639,2,254674,90,1770335749,0,1770335819
355,809293840,2,254675,90,1770335749,0,1770335820
356,809294039,2,254676,90,1770335749,0,1770335820
357,809294238,2,254677,90,1770335749,0,1770335820
358,809294437,2,254678,90,1770335749,0,1770335820
359,809294635,2,254679,90,1770335749,0,1770335820
360,809294836,2,254680,90,1770335749,0,1770335821
361,809295035,2,254681,90,1770335749,0,1770335821
362,809295234,2,254682,90,1770335749,0,1770335821
363,809295433,2,254683,90,1770335749,0,1770335821
364,809295632,2,254684,90,1770335749,0,1770335821
365,809295832,2,254685,90,1770335749,0,1770335822
366,809296030,2,254686,90,1770335749,0,1770335822
367,809296230,2,254687,90,1770335749,0,1770335822
368,809296429,2,254688,90,1770335749,0,1770335822
369,809296629,2,254689,90,1770335749,0,1770335822
370,809296831,2,254690,90,1770335749,0,1770335823
371,809297027,2,254691,90,1770335749,0,1770335823
372,809297230,2,254692,90,1770335749,0,1770335823
373,809297426,2,254693,90,1770335749,0,1770335823
374,809297629,2,254694,90,1770335749,0,1770335823
375,809297824,2,254695,90,1770335749,0,1770335824
376,809298023,2,254696,90,1770335749,0,1770335824
377,809298226,2,254697,90,1770335749,0,1770335824
378,809298422,2,254698,90,1770335749,0,1770335824
379,809298625,2,254699,90,1770335749,0,1770335824
380,809298824,2,254700,90,1770335749,0,1770335825
381,809299022,2,254701,90,1770335749,0,1770335825
382,809299222,2,254702,90,1770335749,0,1770335825
383,809299422,2,254703,90,1770335749,0,1770335825
384,809299621,2,254704,90,1770335749,0,1770335825
385,809299820,2,254705,90,1770335749,0,1770335826
386,809300019,2,254706,90,1770335749,0,1770335826
387,809300217,2,254707,90,1770335749,0,1770335826
388,809300418,2,254708,90,1770335749,0,1770335826
389,809300616,2,254709,90,1770335749,0,1770335826
390,809300816,2,254710,90,1770335749,0,1770335827
391,809301015,2,254711,90,1770335749,0,1770335827
392,809301215,2,254712,90,1770335749,0,1770335827
393,809301414,2,254713,90,1770335749,0,1770335827
394,809301613,2,254714,90,1770335749,0,1770335827
395,809301812,2,254715,90,1770335749,0,1770335828
396,809302011,2,254716,90,1770335749,0,1770335828
397,809302211,2,254717,90,1770335749,0,1770335828
398,809302410,2,254718,90,1770335749,0,1770335828
399,809302609,2,254719,90,1770335749,0,1770335828
400,809302808,2,254720,90,1770335749,0,1770335829
401,809303008,2,254721,90,1770335749,0,1770335829
402,809303207,2,254722,90,1770335749,0,1770335829
403,809303406,2,254723,90,1770335749,0,1770335829
404,809303605,2,254724,90,1770335749,0,1770335829
405,809303804,2,254725,90,1770335749,0,1770335830
406,809304004,2,254726,90,1770335749,0,1770335830
407,809304203,2,254727,90,1770335749,0,1770335830
408,809304402,2,254728,90,1770335749,0,1770335830
409,809304601,2,254729,90,1770335749,0,1770335830
410,809304801,2,254730,90,1770335749,0,1770335831
411,809305000,2,254731,90,1770335749,0,1770335831
412,809305199,2,254732,90,1770335749,0,1770335831
413,809305398,2,254733,90,1770335749,0,1770335831
414,809305597,2,254734,90,1770335749,0,1770335831
415,809305797,2,254735,90,1770335749,0,1770335832
416,809305996,2,254736,90,1770335749,0,1770335832
417,809306195,2,254737,90,1770335749,0,1770335832
418,809306394,2,254738,90,1770335749,0,1770335832
419,809306593,2,254739,90,1770335749,0,1770335832
420,809306793,2,254740,90,1770335749,0,1770335833
421,809306992,2,254741,90,1770335749,0,1770335833
422,809307191,2,254742,90,1770335749,0,1770335833
423,809307390,2,254743,90,1770335749,0,1770335833
424,809307590,2,254744,90,1770335749,0,1770335833
425,809307789,2,254745,90,1770335749,0,1770335834
426,809307988,2,254746,90,1770335749,0,1770335834
427,809308187,2,254747,90,1770335749,0,1770335834
428,809308386,2,254748,90,1770335749,0,1770335834
429,809308586,2,254749,90,1770335749,0,1770335834
430,809308785,2,254750,90,1770335749,0,1770335835
431,809308984,2,254751,90,1770335749,0,1770335835
432,809309183,2,254752,90,1770335749,0,1770335835
433,809309383,2,254753,90,1770335749,0,1770335835
434,809309582,2,254754,90,1770335749,0,1770335835
435,809309781,2,254755,90,1770335749,0,1770335836
436,809309980,2,254756,90,1770335749,0,1770335836
437,809310179,2,254757,90,1770335749,0,1770335836
438,809310379,2,254758,90,1770335749,0,1770335836
439,809310577,2,254759,90,1770335749,0,1770335836
440,809310777,2,254760,90,1770335749,0,1770335837
441,809310976,2,254761,90,1770335749,0,1770335837
442,809311176,2,254762,90,1770335749,0,1770335837
443,809311374,2,254763,90,1770335749,0,1770335837
444,809311574,2,254764,90,1770335749,0,1770335837
445,809311773,2,254765,90,1770335749,0,1770335838
446,809311972,2,254766,90,1770335749,0,1770335838
447,809312172,2,254767,90,1770335749,0,1770335838
448,809312370,2,254768,90,1770335749,0,1770335838
449,809312570,2,254769,90,1770335749,0,1770335838
450,809312769,2,254770,90,1770335749,0,1770335839
451,809312968,2,254771,90,1770335749,0,1770335839
452,809313168,2,254772,90,1770335749,0,1770335839
453,809313367,2,254773,90,1770335749,0,1770335839
454,809313566,2,254774,90,1770335749,0,1770335839
455,809313764,2,254775,90,1770335749,0,1770335840
456,809313965,2,254776,90,1770335749,0,1770335840
457,809314164,2,254777,90,1770335749,0,1770335840
458,809314363,2,254778,90,1770335749,0,1770335840
459,809314562,2,254779,90,1770335749,0,1770335840
460,809314761,2,254780,90,1770335749,0,1770335841
461,809314961,2,254781,90,1770335749,0,1770335841
462,809315163,2,254782,90,1770335749,0,1770335841
463,809315359,2,254783,90,1770335749,0,1770335841
464,809315558,2,254784,90,1770335749,0,1770335841
465,809315758,2,254785,90,1770335749,0,1770335842
466,809315957,2,254786,90,1770335749,0,1770335842
467,809316156,2,254787,90,1770335749,0,1770335842
468,809316355,2,254788,90,1770335749,0,1770335842
469,809316554,2,254789,90,1770335749,0,1770335842
470,809316754,2,254790,90,1770335749,0,1770335843
471,809316957,2,254791,90,1770335749,0,1770335843
472,809317152,2,254792,90,1770335749,0,1770335843
473,809317351,2,254793,90,1770335749,0,1770335843
474,809317554,2,254794,90,1770335749,0,1770335843
475,809317754,2,254795,90,1770335749,0,1770335844
476,809317952,2,254796,90,1770335749,0,1770335844
477,809318152,2,254797,90,1770335749,0,1770335844
478,809318351,2,254798,90,1770335749,0,1770335844
479,809318551,2,254799,90,1770335749,0,1770335844
480,809318746,2,254800,90,1770335749,0,1770335845
481,809318949,2,254801,90,1770335749,0,1770335845
482,809319147,2,254802,90,1770335749,0,1770335845
483,809319347,2,254803,90,1770335749,0,1770335845
484,809319547,2,254804,90,1770335749,0,1770335845
485,809319745,2,254805,90,1770335749,0,1770335846
486,809319945,2,254806,90,1770335749,0,1770335846
487,809320144,2,254807,90,1770335749,0,1770335846
488,809320342,2,254808,90,1770335749,0,1770335846
489,809320543,2,254809,90,1770335749,0,1770335846
490,809320742,2,254810,90,1770335749,0,1770335847
491,809320941,2,254811,90,1770335749,0,1770335847
492,809321140,2,254812,90,1770335749,0,1770335847
493,809321339,2,254813,90,1770335749,0,1770335847
494,809321539,2,254814,90,1770335749,0,1770335847
495,809321738,2,254815,90,1770335749,0,1770335848
496,809321937,2,254816,90,1770335749,0,1770335848
497,809322136,2,254817,90,1770335749,0,1770335848
498,809322336,2,254818,90,1770335749,0,1770335848
499,809322534,2,254819,90,1770335749,0,1770335848
500,809322734,2,254820,90,1770335749,0,1770335849
501,809322933,2,254821,90,1770335749,0,1770335849
502,809323133,2,254822,90,1770335749,0,1770335849
503,809323332,2,254823,90,1770335749,0,1770335849
504,809323530,2,254824,90,1770335749,0,1770335849
505,809323730,2,254825,90,1770335749,0,1770335850
506,809323929,2,254826,90,1770335749,0,1770335850
507,809324129,2,254827,90,1770335749,0,1770335850
508,809324328,2,254828,90,1770335749,0,1770335850
509,809324527,2,254829,90,1770335749,0,1770335850
510,809324726,2,254830,90,1770335749,0,1770335851
511,809324926,2,254831,90,1770335749,0,1770335851
512,809325125,2,254832,90,1770335749,0,1770335851
513,809325324,2,254833,90,1770335749,0,1770335851
514,809325523,2,254834,90,1770335749,0,1770335851
515,809325722,2,254835,90,1770335749,0,1770335851
516,809325921,2,254836,90,1770335749,0,1770335852
517,809326121,2,254837,90,1770335749,0,1770335852
518,809326320,2,254838,90,1770335749,0,1770335852
519,809326519,2,254839,90,1770335749,0,1770335852
520,809326718,2,254840,90,1770335749,0,1770335852
521,809326918,2,254841,90,1770335749,0,1770335853
522,809327116,2,254842,90,1770335749,0,1770335853
523,809327315,2,254843,90,1770335749,0,1770335853
524,809327515,2,254844,90,1770335749,0,1770335853
525,809327715,2,254845,90,1770335749,0,1770335853
526,809327913,2,254846,90,1770335749,0,1770335854
527,809328113,2,254847,90,1770335749,0,1770335854
528,809328312,2,254848,90,1770335749,0,1770335854
529,809328511,2,254849,90,1770335749,0,1770335854
530,809328711,2,254850,90,1770335749,0,1770335854
531,809328910,2,254851,90,1770335749,0,1770335855
532,809329109,2,254852,90,1770335749,0,1770335855
533,809329308,2,254853,90,1770335749,0,1770335855
534,809329508,2,254854,90,1770335749,0,1770335855
535,809329707,2,254855,90,1770335749,0,1770335855
536,809329906,2,254856,90,1770335749,0,1770335856
537,809330105,2,254857,90,1770335749,0,1770335856
538,809330303,2,254858,90,1770335749,0,1770335856
539,809330504,2,254859,90,1770335749,0,1770335856
540,809330702,2,254860,90,1770335749,0,1770335856
541,809330901,2,254861,90,1770335749,0,1770335857
542,809331101,2,254862,90,1770335749,0,1770335857
543,809331300,2,254863,90,1770335749,0,1770335857
544,809331500,2,254864,90,1770335749,0,1770335857
545,809331699,2,254865,90,1770335749,0,1770335857
546,809331897,2,254866,90,1770335749,0,1770335858
547,809332097,2,254867,90,1770335749,0,1770335858
548,809332297,2,254868,90,1770335749,0,1770335858
549,809332495,2,254869,90,1770335749,0,1770335858
550,809332695,2,254870,90,1770335749,0,1770335858
551,809332894,2,254871,90,1770335749,0,1770335859
552,809333093,2,254872,90,1770335749,0,1770335859
553,809333293,2,254873,90,1770335749,0,1770335859
554,809333492,2,254874,90,1770335749,0,1770335859
555,809333691,2,254875,90,1770335749,0,1770335859
556,809333890,2,254876,90,1770335749,0,1770335860
557,809334090,2,254877,90,1770335749,0,1770335860
558,809334289,2,254878,90,1770335749,0,1770335860
559,809334488,2,254879,90,1770335749,0,1770335860
560,809334687,2,254880,90,1770335749,0,1770335860
561,809334886,2,254881,90,1770335749,0,1770335861
562,809335085,2,254882,90,1770335749,0,1770335861
563,809335285,2,254883,90,1770335749,0,1770335861
564,809335484,2,254884,90,1770335749,0,1770335861
565,809335683,2,254885,90,1770335749,0,1770335861
566,809335883,2,254886,90,1770335749,0,1770335862
567,809336082,2,254887,90,1770335749,0,1770335862
568,809336281,2,254888,90,1770335749,0,1770335862
569,809336480,2,254889,90,1770335749,0,1770335862
570,809336679,2,254890,90,1770335749,0,1770335862
571,809336882,2,254891,90,1770335749,0,1770335863
572,809337078,2,254892,90,1770335749,0,1770335863
573,809337277,2,254893,90,1770335749,0,1770335863
574,809337476,2,254894,90,1770335749,0,1770335863
575,809337679,2,254895,90,1770335749,0,1770335863
576,809337875,2,254896,90,1770335749,0,1770335864
577,809338074,2,254897,90,1770335749,0,1770335864
578,809338273,2,254898,90,1770335749,0,1770335864
579,809338472,2,254899,90,1770335749,0,1770335864
580,809338672,2,254900,90,1770335749,0,1770335864
581,809338871,2,254901,90,1770335749,0,1770335865
582,809339070,2,254902,90,1770335749,0,1770335865
583,809339269,2,254903,90,1770335749,0,1770335865
584,809339472,2,254904,90,1770335749,0,1770335865
585,809339672,2,254905,90,1770335749,0,1770335865
586,809339867,2,254906,90,1770335749,0,1770335866
587,809340069,2,254907,90,1770335749,0,1770335866
588,809340265,2,254908,90,1770335749,0,1770335866
589,809340468,2,254909,90,1770335749,0,1770335866
590,809340668,2,254910,90,1770335749,0,1770335866
591,809340866,2,254911,90,1770335749,0,1770335867
592,809341066,2,254912,90,1770335749,0,1770335867
593,809341265,2,254913,90,1770335749,0,1770335867
594,809341465,2,254914,90,1770335749,0,1770335867
595,809341660,2,254915,90,1770335749,0,1770335867
596,809341863,2,254916,90,1770335749,0,1770335868
597,809342058,2,254917,90,1770335749,0,1770335868
598,809342261,2,254918,90,1770335749,0,1770335868
599,809342457,2,254919,90,1770335749,0,1770335868
600,809342660,2,254920,90,1770335749,0,1770335868
601,809342859,2,254921,90,1770335749,0,1770335869
602,809343058,2,254922,90,1770335749,0,1770335869
603,809343258,2,254923,90,1770335749,0,1770335869
604,809343457,2,254924,90,1770335749,0,1770335869
605,809343652,2,254925,90,1770335749,0,1770335869
606,809343855,2,254926,90,1770335749,0,1770335870
607,809344054,2,254927,90,1770335749,0,1770335870
608,809344254,2,254928,90,1770335749,0,1770335870
609,809344453,2,254929,90,1770335749,0,1770335870
610,809344652,2,254930,90,1770335749,0,1770335870
611,809344850,2,254931,90,1770335749,0,1770335871
612,809345051,2,254932,90,1770335749,0,1770335871
613,809345250,2,254933,90,1770335749,0,1770335871
614,809345449,2,254934,90,1770335749,0,1770335871
615,809345648,2,254935,90,1770335749,0,1770335871
616,809345847,2,254936,90,1770335749,0,1770335872
617,809346047,2,254937,90,1770335749,0,1770335872
618,809346246,2,254938,90,1770335749,0,1770335872
619,809346445,2,254939,90,1770335749,0,1770335872
620,809346644,2,254940,90,1770335749,0,1770335872
621,809346843,2,254941,90,1770335749,0,1770335873
622,809347043,2,254942,90,1770335749,0,1770335873
623,809347242,2,254943,90,1770335749,0,1770335873
624,809347441,2,254944,90,1770335749,0,1770335873
625,809347640,2,254945,90,1770335749,0,1770335873
626,809347840,2,254946,90,1770335749,0,1770335874
627,809348039,2,254947,90,1770335749,0,1770335874
628,809348238,2,254948,90,1770335749,0,1770335874
629,809348436,2,254949,90,1770335749,0,1770335874
630,809348636,2,254950,90,1770335749,0,1770335874
631,809348836,2,254951,90,1770335749,0,1770335875
632,809349035,2,254952,90,1770335749,0,1770335875
633,809349234,2,254953,90,1770335749,0,1770335875
634,809349433,2,254954,90,1770335749,0,1770335875
635,809349633,2,254955,90,1770335749,0,1770335875
636,809349832,2,254956,90,1770335749,0,1770335876
637,809350031,2,254957,90,1770335749,0,1770335876
638,809350230,2,254958,90,1770335749,0,1770335876
639,809350429,2,254959,90,1770335749,0,1770335876
640,809350629,2,254960,90,1770335749,0,1770335876
641,809350828,2,254961,90,1770335749,0,1770335877
642,809351027,2,254962,90,1770335749,0,1770335877
643,809351226,2,254963,90,1770335749,0,1770335877
644,809351426,2,254964,90,1770335749,0,1770335877
645,809351625,2,254965,90,1770335749,0,1770335877
646,809351824,2,254966,90,1770335749,0,1770335878
647,809352022,2,254967,90,1770335749,0,1770335878
648,809352221,2,254968,90,1770335749,0,1770335878
649,809352422,2,254969,90,1770335749,0,1770335878
650,809352621,2,254970,90,1770335749,0,1770335878
651,809352820,2,254971,90,1770335749,0,1770335879
652,809353019,2,254972,90,1770335749,0,1770335879
653,809353217,2,254973,90,1770335749,0,1770335879
654,809353418,2,254974,90,1770335749,0,1770335879
655,809353617,2,254975,90,1770335749,0,1770335879
656,809353816,2,254976,90,1770335749,0,1770335880
657,809354015,2,254977,90,1770335749,0,1770335880
658,809354214,2,254978,90,1770335749,0,1770335880
659,809354414,2,254979,90,1770335749,0,1770335880
660,809354613,2,254980,90,1770335749,0,1770335880
661,809354812,2,254981,90,1770335749,0,1770335881
662,809355013,2,254982,90,1770335749,0,1770335881
663,809355211,2,254983,90,1770335749,0,1770335881
664,809355410,2,254984,90,1770335749,0,1770335881
665,809355609,2,254985,90,1770335749,0,1770335881
666,809355808,2,254986,90,1770335749,0,1770335882
667,809356008,2,254987,90,1770335749,0,1770335882
668,809356207,2,254988,90,1770335749,0,1770335882
669,809356405,2,254989,90,1770335749,0,1770335882
670,809356605,2,254990,90,1770335749,0,1770335882
671,809356804,2,254991,90,1770335749,0,1770335883
672,809357004,2,254992,90,1770335749,0,1770335883
673,809357203,2,254993,90,1770335749,0,1770335883
674,809357402,2,254994,90,1770335749,0,1770335883
675,809357601,2,254995,90,1770335749,0,1770335883
676,809357801,2,254996,90,1770335749,0,1770335884
677,809358000,2,254997,90,1770335749,0,1770335884
678,809358199,2,254998,90,1770335749,0,1770335884
679,809358398,2,254999,90,1770335749,0,1770335884
680,809358597,2,255000,90,1770335749,0,1770335884
681,809358797,2,255001,90,1770335749,0,1770335885
682,809358996,2,255002,90,1770335749,0,1770335885
683,809359195,2,255003,90,1770335749,0,1770335885
684,809359394,2,255004,90,1770335749,0,1770335885
685,809359592,2,255005,90,1770335749,0,1770335885
686,809359792,2,255006,90,1770335749,0,1770335886
687,809359992,2,255007,90,1770335749,0,1770335886
688,809360191,2,255008,90,1770335749,0,1770335886
689,809360390,2,255009,90,1770335749,0,1770335886
690,809360590,2,255010,90,1770335749,0,1770335886
691,809360788,2,255011,90,1770335749,0,1770335887
692,809360988,2,255012,90,1770335749,0,1770335887
693,809361187,2,255013,90,1770335749,0,1770335887
694,809361386,2,255014,90,1770335749,0,1770335887
695,809361586,2,255015,90,1770335749,0,1770335887
696,809361785,2,255016,90,1770335749,0,1770335888
697,809361984,2,255017,90,1770335749,0,1770335888
698,809362183,2,255018,90,1770335749,0,1770335888
699,809362383,2,255019,90,1770335749,0,1770335888
700,809362582,2,255020,90,1770335749,0,1770335888
701,809362780,2,255021,90,1770335749,0,1770335889
702,809362980,2,255022,90,1770335749,0,1770335889
703,809363179,2,255023,90,1770335749,0,1770335889
704,809363379,2,255024,90,1770335749,0,1770335889
705,809363578,2,255025,90,1770335749,0,1770335889
706,809363776,2,255026,90,1770335749,0,1770335890
707,809363976,2,255027,90,1770335749,0,1770335890
708,809364176,2,255028,90,1770335749,0,1770335890
709,809364375,2,255029,90,1770335749,0,1770335890
710,809364574,2,255030,90,1770335749,0,1770335890
711,809364773,2,255031,90,1770335749,0,1770335891
712,809364972,2,255032,90,1770335749,0,1770335891
713,809365172,2,255033,90,1770335749,0,1770335891
714,809365370,2,255034,90,1770335749,0,1770335891
715,809365570,2,255035,90,1770335749,0,1770335891
716,809365769,2,255036,90,1770335749,0,1770335892
717,809365967,2,255037,90,1770335749,0,1770335892
718,809366168,2,255038,90,1770335749,0,1770335892
719,809366367,2,255039,90,1770335749,0,1770335892
720,809366566,2,255040,90,1770335749,0,1770335892
721,809366765,2,255041,90,1770335749,0,1770335893
722,809366965,2,255042,90,1770335749,0,1770335893
723,809367164,2,255043,90,1770335749,0,1770335893
724,809367363,2,255044,90,1770335749,0,1770335893
725,809367562,2,255045,90,1770335749,0,1770335893
726,809367765,2,255046,90,1770335749,0,1770335894
727,809367961,2,255047,90,1770335749,0,1770335894
728,809368160,2,255048,90,1770335749,0,1770335894
729,809368363,2,255049,90,1770335749,0,1770335894
730,809368562,2,255050,90,1770335749,0,1770335894
731,809368758,2,255051,90,1770335749,0,1770335895
732,809368961,2,255052,90,1770335749,0,1770335895
733,809369156,2,255053,90,1770335749,0,1770335895
734,809369359,2,255054,90,1770335749,0,1770335895
735,809369554,2,255055,90,1770335749,0,1770335895
736,809369757,2,255056,90,1770335749,0,1770335896
737,809369957,2,255057,90,1770335749,0,1770335896
738,809370152,2,255058,90,1770335749,0,1770335896
739,809370351,2,255059,90,1770335749,0,1770335896
740,809370554,2,255060,90,1770335749,0,1770335896
741,809370750,2,255061,90,1770335749,0,1770335897
742,809370949,2,255062,90,1770335749,0,1770335897
743,809371152,2,255063,90,1770335749,0,1770335897
744,809371347,2,255064,90,1770335749,0,1770335897
745,809371551,2,255065,90,1770335749,0,1770335897
746,809371750,2,255066,90,1770335749,0,1770335898
747,809371949,2,255067,90,1770335749,0,1770335898
748,809372148,2,255068,90,1770335749,0,1770335898
749,809372347,2,255069,90,1770335749,0,1770335898
750,809372547,2,255070,90,1770335749,0,1770335898
751,809372745,2,255071,90,1770335749,0,1770335899
752,809372945,2,255072,90,1770335749,0,1770335899
753,809373144,2,255073,90,1770335749,0,1770335899
754,809373343,2,255074,90,1770335749,0,1770335899
755,809373542,2,255075,90,1770335749,0,1770335899
756,809373742,2,255076,90,1770335749,0,1770335900
757,809373941,2,255077,90,1770335749,0,1770335900
758,809374139,2,255078,90,1770335749,0,1770335900
759,809374340,2,255079,90,1770335749,0,1770335900
760,809374539,2,255080,90,1770335749,0,1770335900
761,809374738,2,255081,90,1770335749,0,1770335901
762,809374937,2,255082,90,1770335749,0,1770335901
763,809375136,2,255083,90,1770335749,0,1770335901
764,809375336,2,255084,90,1770335749,0,1770335901
765,809375535,2,255085,90,1770335749,0,1770335901
766,809375734,2,255086,90,1770335749,0,1770335902
767,809375933,2,255087,90,1770335749,0,1770335902
768,809376133,2,255088,90,1770335749,0,1770335902
769,809376331,2,255089,90,1770335749,0,1770335902
770,809376531,2,255090,90,1770335749,0,1770335902
771,809376730,2,255091,90,1770335749,0,1770335903
772,809376929,2,255092,90,1770335749,0,1770335903
773,809377129,2,255093,90,1770335749,0,1770335903
774,809377328,2,255094,90,1770335749,0,1770335903
775,809377527,2,255095,90,1770335749,0,1770335903
776,809377726,2,255096,90,1770335749,0,1770335904
777,809377926,2,255097,90,1770335749,0,1770335904
778,809378125,2,255098,90,1770335749,0,1770335904
779,809378324,2,255099,90,1770335749,0,1770335904
780,809378523,2,255100,90,1770335749,0,1770335904
781,809378722,2,255101,90,1770335749,0,1770335904
782,809378922,2,255102,90,1770335749,0,1770335905
783,809379121,2,255103,90,1770335749,0,1770335905
784,809379320,2,255104,90,1770335749,0,1770335905
785,809379519,2,255105,90,1770335749,0,1770335905
786,809379717,2,255106,90,1770335749,0,1770335905
787,809379918,2,255107,90,1770335749,0,1770335906
788,809380117,2,255108,90,1770335749,0,1770335906
789,809380316,2,255109,90,1770335749,0,1770335906
790,809380515,2,255110,90,1770335749,0,1770335906
791,809380715,2,255111,90,1770335749,0,1770335906
792,809380914,2,255112,90,1770335749,0,1770335907
793,809381112,2,255113,90,1770335749,0,1770335907
794,809381312,2,255114,90,1770335749,0,1770335907
795,809381511,2,255115,90,1770335749,0,1770335907
796,809381711,2,255116,90,1770335749,0,1770335907
797,809381910,2,255117,90,1770335749,0,1770335908
798,809382109,2,255118,90,1770335749,0,1770335908
799,809382308,2,255119,90,1770335749,0,1770335908
800,809382507,2,255120,90,1770335749,0,1770335908
801,809382707,2,255121,90,1770335749,0,1770335908
802,809382906,2,255122,90,1770335749,0,1770335909
803,809383105,2,255123,90,1770335749,0,1770335909
804,809383304,2,255124,90,1770335749,0,1770335909
805,809383503,2,255125,90,1770335749,0,1770335909
806,809383703,2,255126,90,1770335749,0,1770335909
807,809383902,2,255127,90,1770335749,0,1770335910
808,809384101,2,255128,90,1770335749,0,1770335910
809,809384301,2,255129,90,1770335749,0,1770335910
810,809384500,2,255130,90,1770335749,0,1770335910
811,809384698,2,255131,90,1770335749,0,1770335910
812,809384898,2,255132,90,1770335749,0,1770335911
813,809385097,2,255133,90,1770335749,0,1770335911
814,809385297,2,255134,90,1770335749,0,1770335911
815,809385496,2,255135,90,1770335749,0,1770335911
816,809385694,2,255136,90,1770335749,0,1770335911
817,809385893,2,255137,90,1770335749,0,1770335912
818,809386093,2,255138,90,1770335749,0,1770335912
819,809386293,2,255139,90,1770335749,0,1770335912
820,809386492,2,255140,90,1770335749,0,1770335912
821,809386691,2,255141,90,1770335749,0,1770335912
822,809386890,2,255142,90,1770335749,0,1770335913
823,809387090,2,255143,90,1770335749,0,1770335913
824,809387289,2,255144,90,1770335749,0,1770335913
825,809387488,2,255145,90,1770335749,0,1770335913
826,809387687,2,255146,90,1770335749,0,1770335913
827,809387886,2,255147,90,1770335749,0,1770335914
828,809388086,2,255148,90,1770335749,0,1770335914
829,809388285,2,255149,90,1770335749,0,1770335914
830,809388484,2,255150,90,1770335749,0,1770335914
831,809388683,2,255151,90,1770335749,0,1770335914
832,809388883,2,255152,90,1770335749,0,1770335915
833,809389082,2,255153,90,1770335749,0,1770335915
834,809389280,2,255154,90,1770335749,0,1770335915
835,809389480,2,255155,90,1770335749,0,1770335915
836,809389679,2,255156,90,1770335749,0,1770335915
837,809389879,2,255157,90,1770335749,0,1770335916
838,809390078,2,255158,90,1770335749,0,1770335916
839,809390277,2,255159,90,1770335749,0,1770335916
840,809390476,2,255160,90,1770335749,0,1770335916
841,809390676,2,255161,90,1770335749,0,1770335916
842,809390875,2,255162,90,1770335749,0,1770335917
843,809391074,2,255163,90,1770335749,0,1770335917
844,809391273,2,255164,90,1770335749,0,1770335917
845,809391472,2,255165,90,1770335749,0,1770335917
846,809391672,2,255166,90,1770335749,0,1770335917
847,809391871,2,255167,90,1770335749,0,1770335918
848,809392070,2,255168,90,1770335749,0,1770335918
849,809392269,2,255169,90,1770335749,0,1770335918
850,809392468,2,255170,90,1770335749,0,1770335918
851,809392668,2,255171,90,1770335749,0,1770335918
852,809392867,2,255172,90,1770335749,0,1770335919
853,809393066,2,255173,90,1770335749,0,1770335919
854,809393265,2,255174,90,1770335749,0,1770335919
855,809393465,2,255175,90,1770335749,0,1770335919
856,809393663,2,255176,90,1770335749,0,1770335919
857,809393863,2,255177,90,1770335749,0,1770335920
858,809394061,2,255178,90,1770335749,0,1770335920
859,809394261,2,255179,90,1770335749,0,1770335920
860,809394461,2,255180,90,1770335749,0,1770335920
861,809394660,2,255181,90,1770335749,0,1770335920
862,809394859,2,255182,90,1770335749,0,1770335921
863,809395058,2,255183,90,1770335749,0,1770335921
864,809395258,2,255184,90,1770335749,0,1770335921
865,809395457,2,255185,90,1770335749,0,1770335921
866,809395656,2,255186,90,1770335749,0,1770335921
867,809395855,2,255187,90,1770335749,0,1770335922
868,809396054,2,255188,90,1770335749,0,1770335922
869,809396254,2,255189,90,1770335749,0,1770335922
870,809396453,2,255190,90,1770335749,0,1770335922
871,809396652,2,255191,90,1770335749,0,1770335922
872,809396851,2,255192,90,1770335749,0,1770335923
873,809397051,2,255193,90,1770335749,0,1770335923
874,809397250,2,255194,90,1770335749,0,1770335923
875,809397448,2,255195,90,1770335749,0,1770335923
876,809397648,2,255196,90,1770335749,0,1770335923
877,809397847,2,255197,90,1770335749,0,1770335924
878,809398046,2,255198,90,1770335749,0,1770335924
879,809398246,2,255199,90,1770335749,0,1770335924
880,809398445,2,255200,90,1770335749,0,1770335924
881,809398644,2,255201,90,1770335749,0,1770335924
882,809398843,2,255202,90,1770335749,0,1770335925
883,809399042,2,255203,90,1770335749,0,1770335925
884,809399242,2,255204,90,1770335749,0,1770335925
885,809399441,2,255205,90,1770335749,0,1770335925
886,809399640,2,255206,90,1770335749,0,1770335925
887,809399840,2,255207,90,1770335749,0,1770335926
888,809400039,2,255208,90,1770335749,0,1770335926
889,809400237,2,255209,90,1770335749,0,1770335926
890,809400437,2,255210,90,1770335749,0,1770335926
891,809400636,2,255211,90,1770335749,0,1770335926
892,809400836,2,255212,90,1770335749,0,1770335927
893,809401035,2,255213,90,1770335749,0,1770335927
894,809401234,2,255214,90,1770335749,0,1770335927
895,809401432,2,255215,90,1770335749,0,1770335927
896,809401633,2,255216,90,1770335749,0,1770335927
897,809401831,2,255217,90,1770335749,0,1770335928
898,809402031,2,255218,90,1770335749,0,1770335928
899,809402230,2,255219,90,1770335749,0,1770335928
900,809402429,2,255220,90,1770335749,0,1770335928
901,809402629,2,255221,90,1770335749,0,1770335928
902,809402828,2,255222,90,1770335749,0,1770335929
903,809403027,2,255223,90,1770335749,0,1770335929
904,809403226,2,255224,90,1770335749,0,1770335929
905,809403426,2,255225,90,1770335749,0,1770335929
906,809403625,2,255226,90,1770335749,0,1770335929
907,809403824,2,255227,90,1770335749,0,1770335930
908,809404023,2,255228,90,1770335749,0,1770335930
909,809404222,2,255229,90,1770335749,0,1770335930
910,809404422,2,255230,90,1770335749,0,1770335930
911,809404621,2,255231,90,1770335749,0,1770335930
912,809404820,2,255232,90,1770335749,0,1770335931
913,809405019,2,255233,90,1770335749,0,1770335931
914,809405218,2,255234,90,1770335749,0,1770335931
915,809405418,2,255235,90,1770335749,0,1770335931
916,809405617,2,255236,90,1770335749,0,1770335931
917,809405816,2,255237,90,1770335749,0,1770335932
918,809406015,2,255238,90,1770335749,0,1770335932
919,809406214,2,255239,90,1770335749,0,1770335932
920,809406414,2,255240,90,1770335749,0,1770335932
921,809406613,2,255241,90,1770335749,0,1770335932
922,809406811,2,255242,90,1770335749,0,1770335933
923,809407011,2,255243,90,1770335749,0,1770335933
924,809407211,2,255244,90,1770335749,0,1770335933
925,809407410,2,255245,90,1770335749,0,1770335933
926,809407609,2,255246,90,1770335749,0,1770335933
927,809407808,2,255247,90,1770335749,0,1770335934
928,809408007,2,255248,90,1770335749,0,1770335934
929,809408207,2,255249,90,1770335749,0,1770335934
930,809408406,2,255250,90,1770335749,0,1770335934
931,809408605,2,255251,90,1770335749,0,1770335934
932,809408804,2,255252,90,1770335749,0,1770335935
933,809409004,2,255253,90,1770335749,0,1770335935
934,809409203,2,255254,90,1770335749,0,1770335935
935,809409402,2,255255,90,1770335749,0,1770335935
936,809409601,2,255256,90,1770335749,0,1770335935
937,809409801,2,255257,90,1770335749,0,1770335936
938,809410000,2,255258,90,1770335749,0,1770335936
939,809410199,2,255259,90,1770335749,0,1770335936
940,809410398,2,255260,90,1770335749,0,1770335936
941,809410597,2,255261,90,1770335749,0,1770335936
942,809410796,2,255262,90,1770335749,0,1770335937
943,809410996,2,255263,90,1770335749,0,1770335937
944,809411195,2,255264,90,1770335749,0,1770335937
945,809411394,2,255265,90,1770335749,0,1770335937
946,809411593,2,255266,90,1770335749,0,1770335937
947,809411792,2,255267,90,1770335749,0,1770335938
948,809411992,2,255268,90,1770335749,0,1770335938
949,809412191,2,255269,90,1770335749,0,1770335938
950,809412389,2,255270,90,1770335749,0,1770335938
951,809412590,2,255271,90,1770335749,0,1770335938
952,809412785,2,255272,90,1770335749,0,1770335939
953,809412988,2,255273,90,1770335749,0,1770335939
954,809413187,2,255274,90,1770335749,0,1770335939
955,809413386,2,255275,90,1770335749,0,1770335939
956,809413586,2,255276,90,1770335749,0,1770335939
957,809413785,2,255277,90,1770335749,0,1770335940
958,809413980,2,255278,90,1770335749,0,1770335940
959,809414183,2,255279,90,1770335749,0,1770335940
960,809414383,2,255280,90,1770335749,0,1770335940
961,809414582,2,255281,90,1770335749,0,1770335940
962,809414777,2,255282,90,1770335749,0,1770335941
963,809414980,2,255283,90,1770335749,0,1770335941
964,809415178,2,255284,90,1770335749,0,1770335941
965,809415379,2,255285,90,1770335749,0,1770335941
966,809415574,2,255286,90,1770335749,0,1770335941
967,809415777,2,255287,90,1770335749,0,1770335942
968,809415972,2,255288,90,1770335749,0,1770335942
969,809416176,2,255289,90,1770335749,0,1770335942
970,809416371,2,255290,90,1770335749,0,1770335942
971,809416574,2,255291,90,1770335749,0,1770335942
972,809416769,2,255292,90,1770335749,0,1770335943
973,809416972,2,255293,90,1770335749,0,1770335943
974,809417168,2,255294,90,1770335749,0,1770335943
975,809417370,2,255295,90,1770335749,0,1770335943
976,809417566,2,255296,90,1770335749,0,1770335943
977,809417765,2,255297,90,1770335749,0,1770335944
978,809417968,2,255298,90,1770335749,0,1770335944
979,809418164,2,255299,90,1770335749,0,1770335944
980,809418363,2,255300,90,1770335749,0,1770335944
981,809418562,2,255301,90,1770335749,0,1770335944
982,809418761,2,255302,90,1770335749,0,1770335945
983,809418961,2,255303,90,1770335749,0,1770335945
984,809419160,2,255304,90,1770335749,0,1770335945
985,809419359,2,255305,90,1770335749,0,1770335945
986,809419558,2,255306,90,1770335749,0,1770335945
987,809419758,2,255307,90,1770335749,0,1770335946
988,809419957,2,255308,90,1770335749,0,1770335946
989,809420159,2,255309,90,1770335749,0,1770335946
990,809420355,2,255310,90,1770335749,0,1770335946
991,809420554,2,255311,90,1770335749,0,1770335946
992,809420754,2,255312,90,1770335749,0,1770335947
993,809420953,2,255313,90,1770335749,0,1770335947
994,809421152,2,255314,90,1770335749,0,1770335947
995,809421351,2,255315,90,1770335749,0,1770335947
996,809421551,2,255316,90,1770335749,0,1770335947
997,809421750,2,255317,90,1770335749,0,1770335948
998,809421949,2,255318,90,1770335749,0,1770335948
999,809422148,2,255319,90,1770335749,0,1770335948
1000,809422346,2,255320,90,1770335749,0,1770335948
1001,809422547,2,255321,90,1770335749,0,1770335948
1002,809422746,2,255322,90,1770335749,0,1770335949
1003,809422945,2,255323,90,1770335749,0,1770335949
1004,809423144,2,255324,90,1770335749,0,1770335949
1005,809423343,2,255325,90,1770335749,0,1770335949
1006,809423546,2,255326,90,1770335749,0,1770335949
1007,809423742,2,255327,90,1770335749,0,1770335950
1008,809423941,2,255328,90,1770335749,0,1770335950
1009,809424139,2,255329,90,1770335749,0,1770335950
1010,809424340,2,255330,90,1770335749,0,1770335950
1011,809424539,2,255331,90,1770335749,0,1770335950
1012,809424738,2,255332,90,1770335749,0,1770335951
1013,809424937,2,255333,90,1770335749,0,1770335951
1014,809425136,2,255334,90,1770335749,0,1770335951
1015,809425336,2,255335,90,1770335749,0,1770335951
1016,809425534,2,255336,90,1770335749,0,1770335951
1017,809425734,2,255337,90,1770335749,0,1770335952
1018,809425933,2,255338,90,1770335749,0,1770335952
1019,809426133,2,255339,90,1770335749,0,1770335952
1020,809426331,2,255340,90,1770335749,0,1770335952
1021,809426531,2,255341,90,1770335749,0,1770335952
1022,809426730,2,255342,90,1770335749,0,1770335953
1023,809426929,2,255343,90,1770335749,0,1770335953
1024,809427129,2,255344,90,1770335749,0,1770335953
1025,809427328,2,255345,90,1770335749,0,1770335953
1026,809427527,2,255346,90,1770335749,0,1770335953
1027,809427726,2,255347,90,1770335749,0,1770335954
1028,809427925,2,255348,90,1770335749,0,1770335954
1029,809428125,2,255349,90,1770335749,0,1770335954
1030,809428324,2,255350,90,1770335749,0,1770335954
1031,809428523,2,255351,90,1770335749,0,1770335954
1032,809428722,2,255352,90,1770335749,0,1770335955
1033,809428922,2,255353,90,1770335749,0,1770335955
1034,809429121,2,255354,90,1770335749,0,1770335955
1035,809429320,2,255355,90,1770335749,0,1770335955
1036,809429519,2,255356,90,1770335749,0,1770335955
1037,809429718,2,255357,90,1770335749,0,1770335955
1038,809429918,2,255358,90,1770335749,0,1770335956
1039,809430117,2,255359,90,1770335749,0,1770335956
1040,809430316,2,255360,90,1770335749,0,1770335956
1041,809430515,2,255361,90,1770335749,0,1770335956
1042,809430714,2,255362,90,1770335749,0,1770335956
1043,809430914,2,255363,90,1770335749,0,1770335957
1044,809431113,2,255364,90,1770335749,0,1770335957
1045,809431312,2,255365,90,1770335749,0,1770335957
1046,809431511,2,255366,90,1770335749,0,1770335957
1047,809431711,2,255367,90,1770335749,0,1770335957
1048,809431910,2,255368,90,1770335749,0,1770335958
1049,809432109,2,255369,90,1770335749,0,1770335958
1050,809432308,2,255370,90,1770335749,0,1770335958
1051,809432508,2,255371,90,1770335749,0,1770335958
1052,809432706,2,255372,90,1770335749,0,1770335958
1053,809432906,2,255373,90,1770335749,0,1770335959
1054,809433105,2,255374,90,1770335749,0,1770335959
1055,809433304,2,255375,90,1770335749,0,1770335959
1056,809433504,2,255376,90,1770335749,0,1770335959
1057,809433702,2,255377,90,1770335749,0,1770335959
1058,809433901,2,255378,90,1770335749,0,1770335960
1059,809434101,2,255379,90,1770335749,0,1770335960
1060,809434301,2,255380,90,1770335749,0,1770335960
1061,809434500,2,255381,90,1770335749,0,1770335960
1062,809434698,2,255382,90,1770335749,0,1770335960
1063,809434898,2,255383,90,1770335749,0,1770335961
1064,809435097,2,255384,90,1770335749,0,1770335961
1065,809435297,2,255385,90,1770335749,0,1770335961
1066,809435496,2,255386,90,1770335749,0,1770335961
1067,809435695,2,255387,90,1770335749,0,1770335961
1068,809435893,2,255388,90,1770335749,0,1770335962
1069,809436093,2,255389,90,1770335749,0,1770335962
1070,809436293,2,255390,90,1770335749,0,1770335962
1071,809436492,2,255391,90,1770335749,0,1770335962
1072,809436691,2,255392,90,1770335749,0,1770335962
1073,809436890,2,255393,90,1770335749,0,1770335963
1074,809437089,2,255394,90,1770335749,0,1770335963
1075,809437289,2,255395,90,1770335749,0,1770335963
1076,809437488,2,255396,90,1770335749,0,1770335963
1077,809437687,2,255397,90,1770335749,0,1770335963
1078,809437886,2,255398,90,1770335749,0,1770335964
1079,809438086,2,255399,90,1770335749,0,1770335964
1080,809438285,2,255400,90,1770335749,0,1770335964
1081,809438483,2,255401,90,1770335749,0,1770335964
1082,809438683,2,255402,90,1770335749,0,1770335964
1083,809438883,2,255403,90,1770335749,0,1770335965
1084,809439081,2,255404,90,1770335749,0,1770335965
1085,809439281,2,255405,90,1770335749,0,1770335965
1086,809439480,2,255406,90,1770335749,0,1770335965
1087,809439678,2,255407,90,1770335749,0,1770335965
1088,809439879,2,255408,90,1770335749,0,1770335966
1089,809440078,2,255409,90,1770335749,0,1770335966
1090,809440277,2,255410,90,1770335749,0,1770335966
1091,809440476,2,255411,90,1770335749,0,1770335966
1092,809440676,2,255412,90,1770335749,0,1770335966
1093,809440875,2,255413,90,1770335749,0,1770335967
1094,809441074,2,255414,90,1770335749,0,1770335967
1095,809441273,2,255415,90,1770335749,0,1770335967
1096,809441472,2,255416,90,1770335749,0,1770335967
1097,809441672,2,255417,90,1770335749,0,1770335967
1098,809441870,2,255418,90,1770335749,0,1770335968
1099,809442070,2,255419,90,1770335749,0,1770335968
1100,809442269,2,255420,90,1770335749,0,1770335968
1101,809442468,2,255421,90,1770335749,0,1770335968
1102,809442667,2,255422,90,1770335749,0,1770335968
1103,809442867,2,255423,90,1770335749,0,1770335969
1104,809443065,2,255424,90,1770335749,0,1770335969
1105,809443265,2,255425,90,1770335749,0,1770335969
1106,809443465,2,255426,90,1770335749,0,1770335969
1107,809443664,2,255427,90,1770335749,0,1770335969
1108,809443862,2,255428,90,1770335749,0,1770335970
1109,809444062,2,255429,90,1770335749,0,1770335970
1110,809444261,2,255430,90,1770335749,0,1770335970
1111,809444461,2,255431,90,1770335749,0,1770335970
1112,809444660,2,255432,90,1770335749,0,1770335970
1113,809444859,2,255433,90,1770335749,0,1770335971
1114,809445058,2,255434,90,1770335749,0,1770335971
1115,809445258,2,255435,90,1770335749,0,1770335971
1116,809445456,2,255436,90,1770335749,0,1770335971
1117,809445656,2,255437,90,1770335749,0,1770335971
1118,809445855,2,255438,90,1770335749,0,1770335972
1119,809446053,2,255439,90,1770335749,0,1770335972
1120,809446254,2,255440,90,1770335749,0,1770335972
1121,809446453,2,255441,90,1770335749,0,1770335972
1122,809446652,2,255442,90,1770335749,0,1770335972
1123,809446851,2,255443,90,1770335749,0,1770335973
1124,809447050,2,255444,90,1770335749,0,1770335973
1125,809447250,2,255445,90,1770335749,0,1770335973
1126,809447449,2,255446,90,1770335749,0,1770335973
1127,809447648,2,255447,90,1770335749,0,1770335973
1128,809447847,2,255448,90,1770335749,0,1770335974
1129,809448047,2,255449,90,1770335749,0,1770335974
1130,809448246,2,255450,90,1770335749,0,1770335974
1131,809448445,2,255451,90,1770335749,0,1770335974
1132,809448644,2,255452,90,1770335749,0,1770335974
1133,809448843,2,255453,90,1770335749,0,1770335975
1134,809449042,2,255454,90,1770335749,0,1770335975
1135,809449242,2,255455,90,1770335749,0,1770335975
1136,809449441,2,255456,90,1770335749,0,1770335975
1137,809449640,2,255457,90,1770335749,0,1770335975
1138,809449839,2,255458,90,1770335749,0,1770335976
1139,809450039,2,255459,90,1770335749,0,1770335976
1140,809450238,2,255460,90,1770335749,0,1770335976
1141,809450437,2,255461,90,1770335749,0,1770335976
1142,809450635,2,255462,90,1770335749,0,1770335976
1143,809450836,2,255463,90,1770335749,0,1770335977
1144,809451035,2,255464,90,1770335749,0,1770335977
1145,809451234,2,255465,90,1770335749,0,1770335977
1146,809451433,2,255466,90,1770335749,0,1770335977
1147,809451633,2,255467,90,1770335749,0,1770335977
1148,809451832,2,255468,90,1770335749,0,1770335978
1149,809452031,2,255469,90,1770335749,0,1770335978
1150,809452229,2,255470,90,1770335749,0,1770335978
1151,809452429,2,255471,90,1770335749,0,1770335978
1152,809452629,2,255472,90,1770335749,0,1770335978
1153,809452828,2,255473,90,1770335749,0,1770335979
1154,809453027,2,255474,90,1770335749,0,1770335979
1155,809453225,2,255475,90,1770335749,0,1770335979
1156,809453426,2,255476,90,1770335749,0,1770335979
1157,809453625,2,255477,90,1770335749,0,1770335979
1158,809453824,2,255478,90,1770335749,0,1770335980
1159,809454023,2,255479,90,1770335749,0,1770335980
1160,809454222,2,255480,90,1770335749,0,1770335980
1161,809454422,2,255481,90,1770335749,0,1770335980
1162,809454621,2,255482,90,1770335749,0,1770335980
1163,809454819,2,255483,90,1770335749,0,1770335981
1164,809455019,2,255484,90,1770335749,0,1770335981
1165,809455218,2,255485,90,1770335749,0,1770335981
1166,809455418,2,255486,90,1770335749,0,1770335981
1167,809455617,2,255487,90,1770335749,0,1770335981
1168,809455816,2,255488,90,1770335749,0,1770335982
1169,809456015,2,255489,90,1770335749,0,1770335982
1170,809456214,2,255490,90,1770335749,0,1770335982
1171,809456414,2,255491,90,1770335749,0,1770335982
1172,809456613,2,255492,90,1770335749,0,1770335982
1173,809456811,2,255493,90,1770335749,0,1770335983
1174,809457011,2,255494,90,1770335749,0,1770335983
1175,809457211,2,255495,90,1770335749,0,1770335983
1176,809457410,2,255496,90,1770335749,0,1770335983
1177,809457609,2,255497,90,1770335749,0,1770335983
1178,809457808,2,255498,90,1770335749,0,1770335984
1179,809458008,2,255499,90,1770335749,0,1770335984
1180,809458207,2,255500,90,1770335749,0,1770335984
1181,809458406,2,255501,90,1770335749,0,1770335984
1182,809458605,2,255502,90,1770335749,0,1770335984
1183,809458804,2,255503,90,1770335749,0,1770335985
1184,809459004,2,255504,90,1770335749,0,1770335985
1185,809459202,2,255505,90,1770335749,0,1770335985
1186,809459402,2,255506,90,1770335749,0,1770335985
1187,809459601,2,255507,90,1770335749,0,1770335985
1188,809459801,2,255508,90,1770335749,0,1770335986
1189,809460000,2,255509,90,1770335749,0,1770335986
1190,809460199,2,255510,90,1770335749,0,1770335986
1191,809460398,2,255511,90,1770335749,0,1770335986
1192,809460596,2,255512,90,1770335749,0,1770335986
1193,809460797,2,255513,90,1770335749,0,1770335987
1194,809460996,2,255514,90,1770335749,0,1770335987
1195,809461195,2,255515,90,1770335749,0,1770335987
1196,809461394,2,255516,90,1770335749,0,1770335987
1197,809461593,2,255517,90,1770335749,0,1770335987
1198,809461793,2,255518,90,1770335749,0,1770335988
1199,809461992,2,255519,90,1770335749,0,1770335988
1200,809462191,2,255520,90,1770335749,0,1770335988
1201,809462390,2,255521,90,1770335749,0,1770335988
1202,809462589,2,255522,90,1770335749,0,1770335988
1203,809462789,2,255523,90,1770335749,0,1770335989
1204,809462987,2,255524,90,1770335749,0,1770335989
1205,809463187,2,255525,90,1770335749,0,1770335989
1206,809463386,2,255526,90,1770335749,0,1770335989
1207,809463586,2,255527,90,1770335749,0,1770335989
1208,809463785,2,255528,90,1770335749,0,1770335990
1209,809463984,2,255529,90,1770335749,0,1770335990
1210,809464183,2,255530,90,1770335749,0,1770335990
1211,809464383,2,255531,90,1770335749,0,1770335990
1212,809464582,2,255532,90,1770335749,0,1770335990
1213,809464781,2,255533,90,1770335749,0,1770335991
1214,809464979,2,255534,90,1770335749,0,1770335991
1215,809465179,2,255535,90,1770335749,0,1770335991
1216,809465379,2,255536,90,1770335749,0,1770335991
1217,809465578,2,255537,90,1770335749,0,1770335991
1218,809465773,2,255538,90,1770335749,0,1770335992
1219,809465976,2,255539,90,1770335749,0,1770335992
1220,809466176,2,255540,90,1770335749,0,1770335992
1221,809466371,2,255541,90,1770335749,0,1770335992
1222,809466573,2,255542,90,1770335749,0,1770335992
1223,809466773,2,255543,90,1770335749,0,1770335993
1224,809466968,2,255544,90,1770335749,0,1770335993
1225,809467172,2,255545,90,1770335749,0,1770335993
1226,809467370,2,255546,90,1770335749,0,1770335993
1227,809467570,2,255547,90,1770335749,0,1770335993
1228,809467765,2,255548,90,1770335749,0,1770335994
1229,809467965,2,255549,90,1770335749,0,1770335994
1230,809468164,2,255550,90,1770335749,0,1770335994
1231,809468367,2,255551,90,1770335749,0,1770335994
1232,809468562,2,255552,90,1770335749,0,1770335994
1233,809468761,2,255553,90,1770335749,0,1770335995
1234,809468961,2,255554,90,1770335749,0,1770335995
1235,809469160,2,255555,90,1770335749,0,1770335995
1236,809469359,2,255556,90,1770335749,0,1770335995
1237,809469558,2,255557,90,1770335749,0,1770335995
1238,809469758,2,255558,90,1770335749,0,1770335996
1239,809469957,2,255559,90,1770335749,0,1770335996
1240,809470156,2,255560,90,1770335749,0,1770335996
1241,809470355,2,255561,90,1770335749,0,1770335996
1242,809470554,2,255562,90,1770335749,0,1770335996
1243,809470754,2,255563,90,1770335749,0,1770335997
1244,809470953,2,255564,90,1770335749,0,1770335997
1245,809471151,2,255565,90,1770335749,0,1770335997
1246,809471351,2,255566,90,1770335749,0,1770335997
1247,809471550,2,255567,90,1770335749,0,1770335997
1248,809471750,2,255568,90,1770335749,0,1770335998
1249,809471949,2,255569,90,1770335749,0,1770335998
1250,809472147,2,255570,90,1770335749,0,1770335998
1251,809472347,2,255571,90,1770335749,0,1770335998
1252,809472547,2,255572,90,1770335749,0,1770335998
1253,809472746,2,255573,90,1770335749,0,1770335999
1254,809472945,2,255574,90,1770335749,0,1770335999
1255,809473144,2,255575,90,1770335749,0,1770335999
1256,809473343,2,255576,90,1770335749,0,1770335999
1257,809473543,2,255577,90,1770335749,0,1770335999
1258,809473742,2,255578,90,1770335749,0,1770336000
1259,809473941,2,255579,90,1770335749,0,1770336000
1260,809474140,2,255580,90,1770335749,0,1770336000
1261,809474340,2,255581,90,1770335749,0,1770336000
1262,809474539,2,255582,90,1770335749,0,1770336000
1263,809474738,2,255583,90,1770335749,0,1770336001
1264,809474937,2,255584,90,1770335749,0,1770336001
1265,809475136,2,255585,90,1770335749,0,1770336001
1266,809475336,2,255586,90,1770335749,0,1770336001
1267,809475535,2,255587,90,1770335749,0,1770336001
1268,809475734,2,255588,90,1770335749,0,1770336002
1269,809475932,2,255589,90,1770335749,0,1770336002
1270,809476133,2,255590,90,1770335749,0,1770336002
1271,809476332,2,255591,90,1770335749,0,1770336002
1272,809476530,2,255592,90,1770335749,0,1770336002
1273,809476730,2,255593,90,1770335749,0,1770336003
1274,809476929,2,255594,90,1770335749,0,1770336003
1275,809477129,2,255595,90,1770335749,0,1770336003
1276,809477328,2,255596,90,1770335749,0,1770336003
1277,809477527,2,255597,90,1770335749,0,1770336003
1278,809477725,2,255598,90,1770335749,0,1770336004
1279,809477926,2,255599,90,1770335749,0,1770336004
1280,809478125,2,255600,90,1770335749,0,1770336004
1281,809478323,2,255601,90,1770335749,0,1770336004
1282,809478523,2,255602,90,1770335749,0,1770336004
1283,809478722,2,255603,90,1770335749,0,1770336004
1284,809478922,2,255604,90,1770335749,0,1770336005
1285,809479121,2,255605,90,1770335749,0,1770336005
1286,809479320,2,255606,90,1770335749,0,1770336005
1287,809479519,2,255607,90,1770335749,0,1770336005
1288,809479718,2,255608,90,1770335749,0,1770336005
1289,809479918,2,255609,90,1770335749,0,1770336006
1290,809480117,2,255610,90,1770335749,0,1770336006
1291,809480315,2,255611,90,1770335749,0,1770336006
1292,809480514,2,255612,90,1770335749,0,1770336006
1293,809480715,2,255613,90,1770335749,0,1770336006
1294,809480914,2,255614,90,1770335749,0,1770336007
1295,809481113,2,255615,90,1770335749,0,1770336007
1296,809481311,2,255616,90,1770335749,0,1770336007
1297,809481511,2,255617,90,1770335749,0,1770336007
1298,809481711,2,255618,90,1770335749,0,1770336007
1299,809481909,2,255619,90,1770335749,0,1770336008
1300,809482109,2,255620,90,1770335749,0,1770336008
1301,809482308,2,255621,90,1770335749,0,1770336008
1302,809482508,2,255622,90,1770335749,0,1770336008
1303,809482707,2,255623,90,1770335749,0,1770336008
1304,809482906,2,255624,90,1770335749,0,1770336009
1305,809483105,2,255625,90,1770335749,0,1770336009
1306,809483304,2,255626,90,1770335749,0,1770336009
1307,809483504,2,255627,90,1770335749,0,1770336009
1308,809483703,2,255628,90,1770335749,0,1770336009
1309,809483902,2,255629,90,1770335749,0,1770336010
1310,809484101,2,255630,90,1770335749,0,1770336010
1311,809484301,2,255631,90,1770335749,0,1770336010
1312,809484500,2,255632,90,1770335749,0,1770336010
1313,809484699,2,255633,90,1770335749,0,1770336010
1314,809484898,2,255634,90,1770335749,0,1770336011
1315,809485093,2,255635,90,1770335749,0,1770336011
1316,809485296,2,255636,90,1770335749,0,1770336011
1317,809485495,2,255637,90,1770335749,0,1770336011
1318,809485695,2,255638,90,1770335749,0,1770336011
1319,809485890,2,255639,90,1770335749,0,1770336012
1320,809486093,2,255640,90,1770335749,0,1770336012
1321,809486289,2,255641,90,1770335749,0,1770336012
1322,809486488,2,255642,90,1770335749,0,1770336012
1323,809486687,2,255643,90,1770335749,0,1770336012
1324,809486886,2,255644,90,1770335749,0,1770336013
1325,809487086,2,255645,90,1770335749,0,1770336013
1326,809487285,2,255646,90,1770335749,0,1770336013
1327,809487484,2,255647,90,1770335749,0,1770336013
1328,809487682,2,255648,90,1770335749,0,1770336013
1329,809487882,2,255649,90,1770335749,0,1770336014
1330,809488082,2,255650,90,1770335749,0,1770336014
1331,809488281,2,255651,90,1770335749,0,1770336014
1332,809488480,2,255652,90,1770335749,0,1770336014
1333,809488679,2,255653,90,1770335749,0,1770336014
1334,809488879,2,255654,90,1770335749,0,1770336015
1335,809489078,2,255655,90,1770335749,0,1770336015
1336,809489277,2,255656,90,1770335749,0,1770336015
1337,809489476,2,255657,90,1770335749,0,1770336015
1338,809489676,2,255658,90,1770335749,0,1770336015
1339,809489875,2,255659,90,1770335749,0,1770336016
1340,809490074,2,255660,90,1770335749,0,1770336016
1341,809490273,2,255661,90,1770335749,0,1770336016
1342,809490471,2,255662,90,1770335749,0,1770336016
1343,809490672,2,255663,90,1770335749,0,1770336016
1344,809490871,2,255664,90,1770335749,0,1770336017
1345,809491070,2,255665,90,1770335749,0,1770336017
1346,809491269,2,255666,90,1770335749,0,1770336017
1347,809491467,2,255667,90,1770335749,0,1770336017
1348,809491668,2,255668,90,1770335749,0,1770336017
1349,809491867,2,255669,90,1770335749,0,1770336018
1350,809492065,2,255670,90,1770335749,0,1770336018
1351,809492265,2,255671,90,1770335749,0,1770336018
1352,809492465,2,255672,90,1770335749,0,1770336018
1353,809492664,2,255673,90,1770335749,0,1770336018
1354,809492863,2,255674,90,1770335749,0,1770336019
1355,809493062,2,255675,90,1770335749,0,1770336019
1356,809493261,2,255676,90,1770335749,0,1770336019
1357,809493461,2,255677,90,1770335749,0,1770336019
1358,809493660,2,255678,90,1770335749,0,1770336019
1359,809493858,2,255679,90,1770335749,0,1770336020
1360,809494058,2,255680,90,1770335749,0,1770336020
1361,809494258,2,255681,90,1770335749,0,1770336020
1362,809494457,2,255682,90,1770335749,0,1770336020
1363,809494656,2,255683,90,1770335749,0,1770336020
1364,809494855,2,255684,90,1770335749,0,1770336021
1365,809495054,2,255685,90,1770335749,0,1770336021
1366,809495254,2,255686,90,1770335749,0,1770336021
1367,809495453,2,255687,90,1770335749,0,1770336021
1368,809495652,2,255688,90,1770335749,0,1770336021
1369,809495851,2,255689,90,1770335749,0,1770336022
1370,809496051,2,255690,90,1770335749,0,1770336022
1371,809496250,2,255691,90,1770335749,0,1770336022
1372,809496449,2,255692,90,1770335749,0,1770336022
1373,809496648,2,255693,90,1770335749,0,1770336022
1374,809496846,2,255694,90,1770335749,0,1770336023
1375,809497047,2,255695,90,1770335749,0,1770336023
1376,809497246,2,255696,90,1770335749,0,1770336023
1377,809497445,2,255697,90,1770335749,0,1770336023
1378,809497644,2,255698,90,1770335749,0,1770336023
1379,809497843,2,255699,90,1770335749,0,1770336024
1380,809498042,2,255700,90,1770335749,0,1770336024
1381,809498242,2,255701,90,1770335749,0,1770336024
1382,809498441,2,255702,90,1770335749,0,1770336024
1383,809498640,2,255703,90,1770335749,0,1770336024
1384,809498840,2,255704,90,1770335749,0,1770336025
1385,809499039,2,255705,90,1770335749,0,1770336025
1386,809499238,2,255706,90,1770335749,0,1770336025
1387,809499437,2,255707,90,1770335749,0,1770336025
1388,809499636,2,255708,90,1770335749,0,1770336025
1389,809499836,2,255709,90,1770335749,0,1770336026
1390,809500035,2,255710,90,1770335749,0,1770336026
1391,809500234,2,255711,90,1770335749,0,1770336026
1392,809500433,2,255712,90,1770335749,0,1770336026
1393,809500633,2,255713,90,1770335749,0,1770336026
1394,809500832,2,255714,90,1770335749,0,1770336027
1395,809501031,2,255715,90,1770335749,0,1770336027
1396,809501230,2,255716,90,1770335749,0,1770336027
1397,809501429,2,255717,90,1770335749,0,1770336027
1398,809501629,2,255718,90,1770335749,0,1770336027
1399,809501828,2,255719,90,1770335749,0,1770336028
1400,809502027,2,255720,90,1770335749,0,1770336028
1401,809502226,2,255721,90,1770335749,0,1770336028
1402,809502426,2,255722,90,1770335749,0,1770336028
1403,809502625,2,255723,90,1770335749,0,1770336028
1404,809502824,2,255724,90,1770335749,0,1770336029
1405,809503023,2,255725,90,1770335749,0,1770336029
1406,809503222,2,255726,90,1770335749,0,1770336029
1407,809503422,2,255727,90,1770335749,0,1770336029
1408,809503621,2,255728,90,1770335749,0,1770336029
1409,809503820,2,255729,90,1770335749,0,1770336030
1410,809504019,2,255730,90,1770335749,0,1770336030
1411,809504218,2,255731,90,1770335749,0,1770336030
1412,809504418,2,255732,90,1770335749,0,1770336030
1413,809504616,2,255733,90,1770335749,0,1770336030
1414,809504816,2,255734,90,1770335749,0,1770336031
1415,809505015,2,255735,90,1770335749,0,1770336031
1416,809505215,2,255736,90,1770335749,0,1770336031
1417,809505413,2,255737,90,1770335749,0,1770336031
1418,809505613,2,255738,90,1770335749,0,1770336031
1419,809505812,2,255739,90,1770335749,0,1770336032
1420,809506011,2,255740,90,1770335749,0,1770336032
1421,809506211,2,255741,90,1770335749,0,1770336032
1422,809506410,2,255742,90,1770335749,0,1770336032
1423,809506609,2,255743,90,1770335749,0,1770336032
1424,809506808,2,255744,90,1770335749,0,1770336033
1425,809507008,2,255745,90,1770335749,0,1770336033
1426,809507207,2,255746,90,1770335749,0,1770336033
1427,809507405,2,255747,90,1770335749,0,1770336033
1428,809507605,2,255748,90,1770335749,0,1770336033
1429,809507804,2,255749,90,1770335749,0,1770336034
1430,809508004,2,255750,90,1770335749,0,1770336034
1431,809508203,2,255751,90,1770335749,0,1770336034
1432,809508398,2,255752,90,1770335749,0,1770336034
1433,809508601,2,255753,90,1770335749,0,1770336034
1434,809508801,2,255754,90,1770335749,0,1770336035
1435,809509000,2,255755,90,1770335749,0,1770336035
1436,809509198,2,255756,90,1770335749,0,1770336035
1437,809509398,2,255757,90,1770335749,0,1770336035
1438,809509597,2,255758,90,1770335749,0,1770336035
1439,809509797,2,255759,90,1770335749,0,1770336036
1440,809509996,2,255760,90,1770335749,0,1770336036
1441,809510191,2,255761,90,1770335749,0,1770336036
1442,809510394,2,255762,90,1770335749,0,1770336036
1443,809510590,2,255763,90,1770335749,0,1770336036
1444,809510789,2,255764,90,1770335749,0,1770336037
1445,809510992,2,255765,90,1770335749,0,1770336037
1446,809511191,2,255766,90,1770335749,0,1770336037
1447,809511386,2,255767,90,1770335749,0,1770336037
1448,809511586,2,255768,90,1770335749,0,1770336037
1449,809511788,2,255769,90,1770335749,0,1770336038
1450,809511984,2,255770,90,1770335749,0,1770336038
1451,809512186,2,255771,90,1770335749,0,1770336038
1452,809512386,2,255772,90,1770335749,0,1770336038
1453,809512586,2,255773,90,1770335749,0,1770336038
1454,809512781,2,255774,90,1770335749,0,1770336039
1455,809512980,2,255775,90,1770335749,0,1770336039
1456,809513179,2,255776,90,1770335749,0,1770336039
1457,809513382,2,255777,90,1770335749,0,1770336039
1458,809513578,2,255778,90,1770335749,0,1770336039
1459,809513777,2,255779,90,1770335749,0,1770336040
1460,809513976,2,255780,90,1770335749,0,1770336040
1461,809514176,2,255781,90,1770335749,0,1770336040
1462,809514375,2,255782,90,1770335749,0,1770336040
1463,809514574,2,255783,90,1770335749,0,1770336040
1464,809514773,2,255784,90,1770335749,0,1770336041
1465,809514972,2,255785,90,1770335749,0,1770336041
1466,809515172,2,255786,90,1770335749,0,1770336041
1467,809515374,2,255787,90,1770335749,0,1770336041
1468,809515570,2,255788,90,1770335749,0,1770336041
1469,809515769,2,255789,90,1770335749,0,1770336042
1470,809515968,2,255790,90,1770335749,0,1770336042
1471,809516168,2,255791,90,1770335749,0,1770336042
1472,809516367,2,255792,90,1770335749,0,1770336042
1473,809516566,2,255793,90,1770335749,0,1770336042
1474,809516765,2,255794,90,1770335749,0,1770336043
1475,809516965,2,255795,90,1770335749,0,1770336043
1476,809517164,2,255796,90,1770335749,0,1770336043
1477,809517363,2,255797,90,1770335749,0,1770336043
1478,809517562,2,255798,90,1770335749,0,1770336043
1479,809517761,2,255799,90,1770335749,0,1770336044
1480,809517961,2,255800,90,1770335749,0,1770336044
1481,809518160,2,255801,90,1770335749,0,1770336044
1482,809518359,2,255802,90,1770335749,0,1770336044
1483,809518558,2,255803,90,1770335749,0,1770336044
1484,809518758,2,255804,90,1770335749,0,1770336045
1485,809518957,2,255805,90,1770335749,0,1770336045
1486,809519156,2,255806,90,1770335749,0,1770336045
1487,809519355,2,255807,90,1770335749,0,1770336045
1488,809519554,2,255808,90,1770335749,0,1770336045
1489,809519753,2,255809,90,1770335749,0,1770336046
1490,809519953,2,255810,90,1770335749,0,1770336046
1491,809520152,2,255811,90,1770335749,0,1770336046
1492,809520350,2,255812,90,1770335749,0,1770336046
1493,809520551,2,255813,90,1770335749,0,1770336046
1494,809520750,2,255814,90,1770335749,0,1770336047
1495,809520949,2,255815,90,1770335749,0,1770336047
1496,809521148,2,255816,90,1770335749,0,1770336047
1497,809521347,2,255817,90,1770335749,0,1770336047
1498,809521547,2,255818,90,1770335749,0,1770336047
1499,809521746,2,255819,90,1770335749,0,1770336048
1500,809521945,2,255820,90,1770335749,0,1770336048
1501,809522144,2,255821,90,1770335749,0,1770336048
1502,809522343,2,255822,90,1770335749,0,1770336048
1503,809522543,2,255823,90,1770335749,0,1770336048
1504,809522742,2,255824,90,1770335749,0,1770336049
1505,809522941,2,255825,90,1770335749,0,1770336049
1506,809523140,2,255826,90,1770335749,0,1770336049
1507,809523340,2,255827,90,1770335749,0,1770336049
1508,809523538,2,255828,90,1770335749,0,1770336049
1509,809523738,2,255829,90,1770335749,0,1770336050
1510,809523937,2,255830,90,1770335749,0,1770336050
1511,809524136,2,255831,90,1770335749,0,1770336050
1512,809524336,2,255832,90,1770335749,0,1770336050
1513,809524535,2,255833,90,1770335749,0,1770336050
1514,809524733,2,255834,90,1770335749,0,1770336051
1515,809524933,2,255835,90,1770335749,0,1770336051
1516,809525133,2,255836,90,1770335749,0,1770336051
1517,809525332,2,255837,90,1770335749,0,1770336051
1518,809525531,2,255838,90,1770335749,0,1770336051
1519,809525729,2,255839,90,1770335749,0,1770336052
1520,809525929,2,255840,90,1770335749,0,1770336052
1521,809526129,2,255841,90,1770335749,0,1770336052
1522,809526328,2,255842,90,1770335749,0,1770336052
1523,809526527,2,255843,90,1770335749,0,1770336052
1524,809526726,2,255844,90,1770335749,0,1770336053
1525,809526926,2,255845,90,1770335749,0,1770336053
1526,809527125,2,255846,90,1770335749,0,1770336053
1527,809527324,2,255847,90,1770335749,0,1770336053
1528,809527523,2,255848,90,1770335749,0,1770336053
1529,809527722,2,255849,90,1770335749,0,1770336053
1530,809527922,2,255850,90,1770335749,0,1770336054
1531,809528121,2,255851,90,1770335749,0,1770336054
1532,809528320,2,255852,90,1770335749,0,1770336054
1533,809528519,2,255853,90,1770335749,0,1770336054
1534,809528718,2,255854,90,1770335749,0,1770336054
1535,809528918,2,255855,90,1770335749,0,1770336055
1536,809529117,2,255856,90,1770335749,0,1770336055
1537,809529316,2,255857,90,1770335749,0,1770336055
1538,809529515,2,255858,90,1770335749,0,1770336055
1539,809529715,2,255859,90,1770335749,0,1770336055
1540,809529914,2,255860,90,1770335749,0,1770336056
1541,809530113,2,255861,90,1770335749,1770336056,1770336056
1542,809530312,2,255862,90,1770335749,0,1770336056
1543,809530511,2,255863,90,1770335749,0,1770336056
1544,809530711,2,255864,90,1770335749,0,1770336056
1545,809530910,2,255865,90,1770335749,0,1770336057
1546,809531109,2,255866,90,1770335749,0,1770336057
1547,809531308,2,255867,90,1770335749,0,1770336057
1548,809531508,2,255868,90,1770335749,0,1770336057
1549,809531707,2,255869,90,1770335749,0,1770336057
1550,809531906,2,255870,90,1770335749,0,1770336058
1551,809532105,2,255871,90,1770335749,0,1770336058
1552,809532304,2,255872,90,1770335749,0,1770336058
1553,809532504,2,255873,90,1770335749,0,1770336058
1554,809532703,2,255874,90,1770335749,0,1770336058
1555,809532902,2,255875,90,1770335749,0,1770336059
1556,809533101,2,255876,90,1770335749,0,1770336059
1557,809533301,2,255877,90,1770335749,0,1770336059
1558,809533500,2,255878,90,1770335749,0,1770336059
1559,809533699,2,255879,90,1770335749,0,1770336059
1560,809533898,2,255880,90,1770335749,0,1770336060
1561,809534097,2,255881,90,1770335749,0,1770336060
1562,809534297,2,255882,90,1770335749,0,1770336060
1563,809534496,2,255883,90,1770335749,0,1770336060
1564,809534695,2,255884,90,1770335749,0,1770336060
1565,809534894,2,255885,90,1770335749,0,1770336061
1566,809535093,2,255886,90,1770335749,0,1770336061
1567,809535293,2,255887,90,1770335749,0,1770336061
1568,809535492,2,255888,90,1770335749,0,1770336061
1569,809535691,2,255889,90,1770335749,0,1770336061
1570,809535890,2,255890,90,1770335749,0,1770336062
1571,809536090,2,255891,90,1770335749,0,1770336062
1572,809536288,2,255892,90,1770335749,0,1770336062
1573,809536488,2,255893,90,1770335749,0,1770336062
1574,809536687,2,255894,90,1770335749,0,1770336062
1575,809536886,2,255895,90,1770335749,0,1770336063
1576,809537086,2,255896,90,1770335749,0,1770336063
1577,809537285,2,255897,90,1770335749,0,1770336063
1578,809537484,2,255898,90,1770335749,0,1770336063
1579,809537683,2,255899,90,1770335749,0,1770336063
1580,809537883,2,255900,90,1770335749,0,1770336064
1581,809538082,2,255901,90,1770335749,0,1770336064
1582,809538281,2,255902,90,1770335749,0,1770336064
1583,809538480,2,255903,90,1770335749,0,1770336064
1584,809538679,2,255904,90,1770335749,0,1770336064
1585,809538879,2,255905,90,1770335749,0,1770336065
1586,809539078,2,255906,90,1770335749,0,1770336065
1587,809539277,2,255907,90,1770335749,0,1770336065
1588,809539476,2,255908,90,1770335749,0,1770336065
1589,809539675,2,255909,90,1770335749,0,1770336065
1590,809539875,2,255910,90,1770335749,0,1770336066
1591,809540074,2,255911,90,1770335749,0,1770336066
1592,809540273,2,255912,90,1770335749,0,1770336066
1593,809540472,2,255913,90,1770335749,0,1770336066
1594,809540671,2,255914,90,1770335749,0,1770336066
1595,809540870,2,255915,90,1770335749,0,1770336067
1596,809541070,2,255916,90,1770335749,0,1770336067
1597,809541268,2,255917,90,1770335749,0,1770336067
1598,809541468,2,255918,90,1770335749,0,1770336067
1599,809541668,2,255919,90,1770335749,0,1770336067
1600,809541867,2,255920,90,1770335749,0,1770336068
1601,809542066,2,255921,90,1770335749,0,1770336068
1602,809542265,2,255922,90,1770335749,0,1770336068
1603,809542465,2,255923,90,1770335749,0,1770336068
1604,809542664,2,255924,90,1770335749,0,1770336068
1605,809542863,2,255925,90,1770335749,0,1770336069
1606,809543062,2,255926,90,1770335749,0,1770336069
1607,809543261,2,255927,90,1770335749,0,1770336069
1608,809543460,2,255928,90,1770335749,0,1770336069
1609,809543660,2,255929,90,1770335749,0,1770336069
1610,809543859,2,255930,90,1770335749,0,1770336070
1611,809544058,2,255931,90,1770335749,0,1770336070
1612,809544258,2,255932,90,1770335749,0,1770336070
1613,809544457,2,255933,90,1770335749,0,1770336070
1614,809544656,2,255934,90,1770335749,0,1770336070
1615,809544855,2,255935,90,1770335749,0,1770336071
1616,809545054,2,255936,90,1770335749,0,1770336071
1617,809545254,2,255937,90,1770335749,0,1770336071
1618,809545453,2,255938,90,1770335749,0,1770336071
1619,809545652,2,255939,90,1770335749,0,1770336071
1620,809545851,2,255940,90,1770335749,0,1770336072
1621,809546051,2,255941,90,1770335749,0,1770336072
1622,809546249,2,255942,90,1770335749,0,1770336072
1623,809546449,2,255943,90,1770335749,0,1770336072
1624,809546648,2,255944,90,1770335749,0,1770336072
1625,809546847,2,255945,90,1770335749,0,1770336073
1626,809547047,2,255946,90,1770335749,0,1770336073
1627,809547246,2,255947,90,1770335749,0,1770336073
1628,809547444,2,255948,90,1770335749,0,1770336073
1629,809547644,2,255949,90,1770335749,0,1770336073
1630,809547843,2,255950,90,1770335749,0,1770336074
1631,809548043,2,255951,90,1770335749,0,1770336074
1632,809548242,2,255952,90,1770335749,0,1770336074
1633,809548441,2,255953,90,1770335749,0,1770336074
1634,809548640,2,255954,90,1770335749,0,1770336074
1635,809548840,2,255955,90,1770335749,0,1770336075
1636,809549039,2,255956,90,1770335749,0,1770336075
1637,809549238,2,255957,90,1770335749,0,1770336075
1638,809549437,2,255958,90,1770335749,0,1770336075
1639,809549636,2,255959,90,1770335749,0,1770336075
1640,809549836,2,255960,90,1770335749,0,1770336076
1641,809550035,2,255961,90,1770335749,0,1770336076
1642,809550234,2,255962,90,1770335749,0,1770336076
1643,809550433,2,255963,90,1770335749,0,1770336076
1644,809550633,2,255964,90,1770335749,0,1770336076
1645,809550831,2,255965,90,1770335749,0,1770336077
1646,809551031,2,255966,90,1770335749,0,1770336077
1647,809551230,2,255967,90,1770335749,0,1770336077
1648,809551429,2,255968,90,1770335749,0,1770336077
1649,809551629,2,255969,90,1770335749,0,1770336077
1650,809551828,2,255970,90,1770335749,0,1770336078
1651,809552027,2,255971,90,1770335749,0,1770336078
1652,809552226,2,255972,90,1770335749,0,1770336078
1653,809552426,2,255973,90,1770335749,0,1770336078
1654,809552625,2,255974,90,1770335749,0,1770336078
1655,809552824,2,255975,90,1770335749,0,1770336079
1656,809553023,2,255976,90,1770335749,0,1770336079
1657,809553222,2,255977,90,1770335749,0,1770336079
1658,809553422,2,255978,90,1770335749,0,1770336079
1659,809553621,2,255979,90,1770335749,0,1770336079
1660,809553820,2,255980,90,1770335749,0,1770336080
1661,809554019,2,255981,90,1770335749,0,1770336080
1662,809554218,2,255982,90,1770335749,0,1770336080
1663,809554418,2,255983,90,1770335749,0,1770336080
1664,809554616,2,255984,90,1770335749,0,1770336080
1665,809554816,2,255985,90,1770335749,0,1770336081
1666,809555015,2,255986,90,1770335749,0,1770336081
1667,809555215,2,255987,90,1770335749,0,1770336081
1668,809555414,2,255988,90,1770335749,0,1770336081
1669,809555613,2,255989,90,1770335749,0,1770336081
1670,809555812,2,255990,90,1770335749,0,1770336082
1671,809556011,2,255991,90,1770335749,0,1770336082
1672,809556210,2,255992,90,1770335749,0,1770336082
1673,809556410,2,255993,90,1770335749,0,1770336082
1674,809556609,2,255994,90,1770335749,0,1770336082
1675,809556808,2,255995,90,1770335749,0,1770336083
1676,809557008,2,255996,90,1770335749,0,1770336083
1677,809557207,2,255997,90,1770335749,0,1770336083
1678,809557406,2,255998,90,1770335749,0,1770336083
1679,809557605,2,255999,90,1770335749,0,1770336083
1680,809557804,2,256000,90,1770335749,0,1770336084
1681,809558004,2,256001,90,1770335749,0,1770336084
1682,809558203,2,256002,90,1770335749,0,1770336084
1683,809558402,2,256003,90,1770335749,0,1770336084
1684,809558601,2,256004,90,1770335749,0,1770336084
1685,809558801,2,256005,90,1770335749,0,1770336085
1686,809559000,2,256006,90,1770335749,0,1770336085
1687,809559198,2,256007,90,1770335749,0,1770336085
1688,809559398,2,256008,90,1770335749,0,1770336085
1689,809559597,2,256009,90,1770335749,0,1770336085
1690,809559797,2,256010,90,1770335749,0,1770336086
1691,809559996,2,256011,90,1770335749,0,1770336086
1692,809560195,2,256012,90,1770335749,0,1770336086
1693,809560394,2,256013,90,1770335749,0,1770336086
1694,809560593,2,256014,90,1770335749,0,1770336086
1695,809560792,2,256015,90,1770335749,0,1770336087
1696,809560992,2,256016,90,1770335749,0,1770336087
1697,809561191,2,256017,90,1770335749,0,1770336087
1698,809561389,2,256018,90,1770335749,0,1770336087
1699,809561590,2,256019,90,1770335749,0,1770336087
1700,809561789,2,256020,90,1770335749,0,1770336088
1701,809561988,2,256021,90,1770335749,0,1770336088
1702,809562187,2,256022,90,1770335749,0,1770336088
1703,809562386,2,256023,90,1770335749,0,1770336088
1704,809562586,2,256024,90,1770335749,0,1770336088
1705,809562784,2,256025,90,1770335749,0,1770336089
1706,809562984,2,256026,90,1770335749,0,1770336089
1707,809563183,2,256027,90,1770335749,0,1770336089
1708,809563383,2,256028,90,1770335749,0,1770336089
1709,809563582,2,256029,90,1770335749,0,1770336089
1710,809563781,2,256030,90,1770335749,0,1770336090
1711,809563979,2,256031,90,1770335749,0,1770336090
1712,809564179,2,256032,90,1770335749,0,1770336090
1713,809564379,2,256033,90,1770335749,0,1770336090
1714,809564578,2,256034,90,1770335749,0,1770336090
1715,809564777,2,256035,90,1770335749,0,1770336091
1716,809564976,2,256036,90,1770335749,0,1770336091
1717,809565176,2,256037,90,1770335749,0,1770336091
1718,809565375,2,256038,90,1770335749,0,1770336091
1719,809565574,2,256039,90,1770335749,0,1770336091
1720,809565773,2,256040,90,1770335749,0,1770336092
1721,809565972,2,256041,90,1770335749,0,1770336092
1722,809566172,2,256042,90,1770335749,0,1770336092
1723,809566371,2,256043,90,1770335749,0,1770336092
1724,809566570,2,256044,90,1770335749,0,1770336092
1725,809566769,2,256045,90,1770335749,0,1770336093
1726,809566968,2,256046,90,1770335749,0,1770336093
1727,809567168,2,256047,90,1770335749,0,1770336093
1728,809567367,2,256048,90,1770335749,0,1770336093
1729,809567566,2,256049,90,1770335749,0,1770336093
1730,809567765,2,256050,90,1770335749,0,1770336094
1731,809567965,2,256051,90,1770335749,0,1770336094
1732,809568164,2,256052,90,1770335749,0,1770336094
1733,809568363,2,256053,90,1770335749,0,1770336094
1734,809568562,2,256054,90,1770335749,0,1770336094
1735,809568761,2,256055,90,1770335749,0,1770336095
1736,809568960,2,256056,90,1770335749,0,1770336095
1737,809569160,2,256057,90,1770335749,0,1770336095
1738,809569359,2,256058,90,1770335749,0,1770336095
1739,809569558,2,256059,90,1770335749,0,1770336095
1740,809569758,2,256060,90,1770335749,0,1770336096
1741,809569957,2,256061,90,1770335749,0,1770336096
1742,809570155,2,256062,90,1770335749,0,1770336096
1743,809570355,2,256063,90,1770335749,0,1770336096
1744,809570554,2,256064,90,1770335749,0,1770336096
1745,809570754,2,256065,90,1770335749,0,1770336097
1746,809570953,2,256066,90,1770335749,0,1770336097
1747,809571152,2,256067,90,1770335749,0,1770336097
1748,809571351,2,256068,90,1770335749,0,1770336097
1749,809571551,2,256069,90,1770335749,0,1770336097
1750,809571749,2,256070,90,1770335749,0,1770336098
1751,809571949,2,256071,90,1770335749,0,1770336098
1752,809572144,2,256072,90,1770335749,0,1770336098
1753,809572346,2,256073,90,1770335749,0,1770336098
1754,809572547,2,256074,90,1770335749,0,1770336098
1755,809572742,2,256075,90,1770335749,0,1770336099
1756,809572945,2,256076,90,1770335749,0,1770336099
1757,809573143,2,256077,90,1770335749,0,1770336099
1758,809573343,2,256078,90,1770335749,0,1770336099
1759,809573543,2,256079,90,1770335749,0,1770336099
1760,809573738,2,256080,90,1770335749,0,1770336100
1761,809573941,2,256081,90,1770335749,0,1770336100
1762,809574140,2,256082,90,1770335749,0,1770336100
1763,809574336,2,256083,90,1770335749,0,1770336100
1764,809574539,2,256084,90,1770335749,0,1770336100
1765,809574738,2,256085,90,1770335749,0,1770336101
1766,809574933,2,256086,90,1770335749,0,1770336101
1767,809575136,2,256087,90,1770335749,0,1770336101
1768,809575336,2,256088,90,1770335749,0,1770336101
1769,809575534,2,256089,90,1770335749,0,1770336101
1770,809575730,2,256090,90,1770335749,0,1770336102
1771,809575933,2,256091,90,1770335749,0,1770336102
1772,809576132,2,256092,90,1770335749,0,1770336102
1773,809576332,2,256093,90,1770335749,0,1770336102
1774,809576527,2,256094,90,1770335749,0,1770336102
1775,809576730,2,256095,90,1770335749,0,1770336103
1776,809576926,2,256096,90,1770335749,0,1770336103
1777,809577129,2,256097,90,1770335749,0,1770336103
1778,809577324,2,256098,90,1770335749,0,1770336103
1779,809577527,2,256099,90,1770335749,0,1770336103
1780,809577722,2,256100,90,1770335749,0,1770336104
1781,809577922,2,256101,90,1770335749,0,1770336104
1782,809578124,2,256102,90,1770335749,0,1770336104
1783,809578320,2,256103,90,1770335749,0,1770336104
1784,809578523,2,256104,90,1770335749,0,1770336104
1785,809578718,2,256105,90,1770335749,0,1770336104
1786,809578922,2,256106,90,1770335749,0,1770336105
1787,809579117,2,256107,90,1770335749,0,1770336105
1788,809579319,2,256108,90,1770335749,0,1770336105
1789,809579515,2,256109,90,1770335749,0,1770336105
1790,809579715,2,256110,90,1770335749,0,1770336105
1791,809579914,2,256111,90,1770335749,0,1770336106
1792,809580113,2,256112,90,1770335749,0,1770336106
1793,809580312,2,256113,90,1770335749,0,1770336106
1794,809580511,2,256114,90,1770335749,0,1770336106
